"flight_line_id","basin_id","channel_id","date","time","utc_time","CoordX","CoordY","longitude","latitude","channel_dist","water_surface_elevation_WGS84","water_surface_elevation_NAVD88","water_surface_elevation_uncertainty","water_area"
20210912030440,"ATCHA","N/A","2021-09-12","03:08:08",11288,659090,3292220,-91.35472839,29.75002675,-9999,-26.48,0.57,0.07,0.889
20210912030440,"ATCHA","N/A","2021-09-12","03:08:08",11288,658600,3292530,-91.35974861,29.75288547,-9999,-26.49,0.58,0.07,0.488
20210912030440,"ATCHA","N/A","2021-09-12","03:08:08",11288,658600,3291865,-91.35984627,29.74688419,-9999,-26.48,0.56,0.07,0.708
20210912030440,"ATCHA","N/A","2021-09-12","03:08:08",11288,658960,3291450,-91.3561857,29.7430966,-9999,-26.48,0.55,0.07,0.844
20210912030440,"ATCHA","WLO","2021-09-12","03:08:08",11288,658370,3289640,-91.36255021,29.7268411,1852.15,-26.47,0.51,0.07,0.152
20210912030440,"ATCHA","WLO","2021-09-12","03:08:08",11288,656920,3285160,-91.37818705,29.68661057,6561.96,-26.29,0.58,0.07,0.121
20210912030440,"ATCHA","WLO","2021-09-12","03:08:08",11288,656690,3284430,-91.38066895,29.68005456,7326.66,-26.27,0.59,0.07,0.184
20210912030440,"ATCHA","WLO","2021-09-12","03:08:08",11288,656460,3283730,-91.3831461,29.67376817,8062.87,-26.25,0.59,0.07,0.209
20210912030440,"ATCHA","WLO","2021-09-12","03:08:08",11288,656230,3283020,-91.3856246,29.66738956,8808.42,-26.26,0.57,0.07,0.24
20210912030440,"ATCHA","WLO","2021-09-12","03:08:08",11288,656000,3282300,-91.38810402,29.66092555,9563.4,-26.27,0.54,0.07,0.255
20210912030440,"ATCHA","WLO","2021-09-12","03:08:08",11288,655770,3281580,-91.39058311,29.65445806,10318.16,-26.28,0.51,0.07,0.482
20210912030440,"ATCHA","ICWW","2021-09-12","03:08:08",11288,656530,3280800,-91.382846,29.64732339,6371.57,-26.27,0.51,0.07,0.202
20210912030440,"ATCHA","ICWW","2021-09-12","03:08:08",11288,654960,3281100,-91.39901786,29.65023073,4777.77,-26.28,0.5,0.07,0.422
20210912030440,"ATCHA","WLO","2021-09-12","03:08:08",11288,655550,3280890,-91.39295431,29.64826236,11041.4,-26.28,0.5,0.07,0.643
20210912030440,"ATCHA","ICWW","2021-09-12","03:08:08",11288,657310,3280560,-91.37482498,29.64506399,7185.23,-26.26,0.51,0.07,0.158
20210912030440,"ATCHA","WLO","2021-09-12","03:08:08",11288,655240,3280080,-91.39627186,29.64099228,11908.57,-26.28,0.48,0.07,0.324
20210912030440,"ATCHA","WLO","2021-09-12","03:08:08",11288,654760,3278530,-91.40144991,29.62706937,13529.39,-26.26,0.48,0.07,0.144
20210912030440,"ATCHA","N/A","2021-09-12","03:08:08",11288,655270,3277740,-91.39629659,29.61987787,-9999,-26.25,0.47,0.07,0.312
20210912030440,"ATCHA","N/A","2021-09-12","03:08:08",11288,655180,3277200,-91.39730291,29.61502108,-9999,-26.25,0.46,0.07,0.428
20210912030440,"ATCHA","WLO","2021-09-12","03:08:08",11288,654270,3276940,-91.40673528,29.61278558,15190.66,-26.25,0.46,0.07,0.37
20210912030440,"ATCHA","N/A","2021-09-12","03:08:08",11288,654770,3276940,-91.40157306,29.61272348,-9999,-26.25,0.46,0.07,0.284
20210912030440,"ATCHA","WLO","2021-09-12","03:08:08",11288,653970,3275960,-91.40997133,29.60398105,16213.93,-26.24,0.45,0.07,0.226
20210912030440,"ATCHA","N/A","2021-09-12","03:08:08",11288,655620,3275930,-91.39294183,29.60350615,-9999,-26.22,0.46,0.07,0.126
20210912030440,"ATCHA","N/A","2021-09-12","03:08:08",11288,654580,3275920,-91.40367966,29.603547,-9999,-26.23,0.46,0.07,0.296
20210912030440,"ATCHA","N/A","2021-09-12","03:08:08",11288,654330,3275350,-91.40634141,29.59843346,-9999,-26.23,0.45,0.07,0.605
20210912030440,"ATCHA","N/A","2021-09-12","03:08:08",11288,654940,3275495,-91.40002377,29.59966516,-9999,-26.23,0.45,0.07,0.339
20210912030440,"ATCHA","WLO","2021-09-12","03:08:08",11288,653740,3274960,-91.41248716,29.59498686,17233.04,-26.23,0.44,0.07,0.698
20210912030440,"ATCHA","N/A","2021-09-12","03:08:08",11288,654330,3274430,-91.40647188,29.59013458,-9999,-26.23,0.43,0.07,0.64
20210912030440,"ATCHA","WLO","2021-09-12","03:08:08",11288,653400,3273960,-91.41613785,29.58600615,18288.94,-26.22,0.43,0.07,0.57
20210912030440,"ATCHA","WLO","2021-09-12","03:08:08",11288,653100,3273320,-91.41932434,29.58027034,18991.54,-26.22,0.42,0.07,0.583
20210912030440,"ATCHA","WLO","2021-09-12","03:08:08",11288,652930,3272450,-91.42120105,29.5724429,19869.28,-26.21,0.42,0.07,0.532
20210912030440,"ATCHA","WLO","2021-09-12","03:08:08",11288,652770,3271480,-91.42298832,29.56370953,20847.31,-26.18,0.42,0.07,0.537
20210912030440,"ATCHA","N/A","2021-09-12","03:08:08",11288,653270,3271030,-91.41789189,29.55958916,-9999,-26.18,0.42,0.07,0.492
20210912030440,"ATCHA","WLO","2021-09-12","03:08:08",11288,652670,3270750,-91.42412256,29.55713656,21582.02,-26.18,0.42,0.07,0.405
20210912030440,"ATCHA","N/A","2021-09-12","03:08:08",11288,653830,3270610,-91.41217243,29.5557309,-9999,-26.17,0.42,0.07,0.164
20210912030440,"ATCHA","WLO","2021-09-12","03:08:08",11288,652490,3269740,-91.42612118,29.54804714,22607.83,-26.13,0.44,0.07,0.323
20210912030440,"ATCHA","WLO","2021-09-12","03:08:08",11288,652260,3268880,-91.42861419,29.54031906,23496.29,-26.12,0.44,0.07,0.635
20210912030440,"ATCHA","WLD_Camp","2021-09-12","03:08:08",11288,651560,3268700,-91.43586142,29.53877588,23973.04,-26.11,0.44,0.07,0.516
20210912030440,"ATCHA","WLO","2021-09-12","03:08:08",11288,651980,3268260,-91.43158953,29.53475454,24163.92,-26.1,0.45,0.07,0.927
20210912030440,"ATCHA","WLO","2021-09-12","03:08:08",11288,652110,3267690,-91.43032776,29.5295975,24694.91,-26.09,0.45,0.07,0.972
20210912030440,"ATCHA","WLO","2021-09-12","03:08:08",11288,651710,3267450,-91.43448747,29.52748181,25016.55,-26.08,0.45,0.07,0.994
20210912030440,"ATCHA","WLD_Main","2021-09-12","03:08:08",11288,651220,3267090,-91.4395922,29.52429471,25527.54,-26.07,0.45,0.07,0.89
20210912030440,"ATCHA","WLD_Greg","2021-09-12","03:08:08",11288,651860,3266970,-91.43300697,29.52313144,25447.49,-26.07,0.45,0.07,0.986
20210912030440,"ATCHA","WLD_Main","2021-09-12","03:08:08",11288,650690,3266960,-91.44507749,29.52318443,25962.3,-26.07,0.45,0.07,0.646
20210912030440,"ATCHA","WLD_Greg","2021-09-12","03:08:08",11288,651590,3266480,-91.4358601,29.51874676,25985.21,-26.06,0.46,0.07,0.987
20210912030440,"ATCHA","WLD_Main","2021-09-12","03:08:08",11288,651070,3266450,-91.44122809,29.51853667,26170.54,-26.06,0.45,0.07,0.77
20210912030440,"ATCHA","WLD_East","2021-09-12","03:08:08",11288,652130,3266330,-91.43031086,29.51732582,26057.95,-26.04,0.47,0.07,1.08
20210912030440,"ATCHA","WLD_Main","2021-09-12","03:08:08",11288,650570,3266420,-91.44638976,29.51832735,26444.49,-26.06,0.46,0.07,0.448
20210912030440,"ATCHA","N/A","2021-09-12","03:08:08",11288,651010,3265740,-91.4419452,29.51213957,-9999,-26.04,0.47,0.07,1.873
20210912030440,"ATCHA","WLD_East","2021-09-12","03:08:08",11288,652500,3265890,-91.42655581,29.51331385,26570.62,-26.03,0.48,0.07,0.883
20210912030440,"ATCHA","WLD_Main","2021-09-12","03:08:08",11288,650670,3265900,-91.44542995,29.51362468,26837.23,-26.04,0.47,0.07,0.624
20210912030440,"ATCHA","WLD_Greg","2021-09-12","03:08:08",11288,651680,3265880,-91.43501506,29.51332152,26551.13,-26.03,0.47,0.07,1.393
20210912030440,"ATCHA","WLD_Main","2021-09-12","03:08:08",11288,650270,3265360,-91.44963003,29.50880131,27501.2,-26.02,0.47,0.07,0.689
20210912030440,"ATCHA","WLD_East","2021-09-12","03:08:08",11288,652810,3265270,-91.42344498,29.50768416,27262.19,-26.01,0.48,0.07,0.472
20210912030440,"ATCHA","N/A","2021-09-12","03:08:08",11288,650770,3265320,-91.44447854,29.5083792,-9999,-26.02,0.47,0.07,1.498
20210912030440,"ATCHA","WLD_Greg","2021-09-12","03:08:08",11288,651610,3265300,-91.43581746,29.50810004,27133.72,-26.02,0.48,0.07,1.686
20210912030440,"ATCHA","N/A","2021-09-12","03:08:08",11288,652210,3265270,-91.4296333,29.5077574,-9999,-26.01,0.48,0.07,1.448
20210912030440,"ATCHA","N/A","2021-09-12","03:08:08",11288,651150,3264760,-91.44063667,29.50328082,-9999,-26.01,0.48,0.07,1.717
20210912030440,"ATCHA","N/A","2021-09-12","03:08:08",11288,652600,3264510,-91.42571702,29.50084808,-9999,-26,0.48,0.07,0.476
20210912030440,"ATCHA","WLD_Main","2021-09-12","03:08:08",11288,650240,3264610,-91.45004257,29.50203868,28188.16,-26.01,0.47,0.07,0.971
20210912030440,"ATCHA","WLD_Greg","2021-09-12","03:08:08",11288,651580,3264710,-91.43620884,29.50277812,27720.1,-26,0.48,0.07,1.63
20210912030440,"ATCHA","N/A","2021-09-12","03:08:08",11288,650890,3264210,-91.44339411,29.49834853,-9999,-26,0.48,0.07,1.408
20210912030440,"ATCHA","WLD_Greg","2021-09-12","03:08:08",11288,651390,3264010,-91.43826522,29.49648557,28442.2,-25.99,0.48,0.07,1.463
20210912030440,"ATCHA","N/A","2021-09-12","03:08:08",11288,649810,3263930,-91.45457051,29.49595219,-9999,-26,0.47,0.07,0.766
20210912030440,"ATCHA","N/A","2021-09-12","03:08:08",11288,650670,3263490,-91.4457621,29.49188195,-9999,-25.99,0.48,0.07,1.57
20210912030440,"ATCHA","N/A","2021-09-12","03:08:08",11288,649710,3263410,-91.45567288,29.49127695,-9999,-25.99,0.47,0.07,0.88
20210912030440,"ATCHA","WLD_Greg","2021-09-12","03:08:08",11288,651320,3263430,-91.43906742,29.49126065,29025.47,-25.98,0.48,0.07,1.739
20210912030440,"ATCHA","N/A","2021-09-12","03:08:08",11288,651720,3263120,-91.4349855,29.48841625,-9999,-25.97,0.48,0.07,1.335
20210912030440,"ATCHA","N/A","2021-09-12","03:08:08",11288,650730,3263000,-91.44521088,29.4874538,-9999,-25.98,0.48,0.07,1.069
20210912030440,"ATCHA","N/A","2021-09-12","03:08:08",11288,649580,3262880,-91.45708599,29.4865097,-9999,-25.99,0.46,0.07,0.213
20210912030440,"ATCHA","WLD_Main","2021-09-12","03:08:08",11288,650190,3262720,-91.45081783,29.48499253,30038.39,-25.98,0.47,0.07,0.952
20210912030440,"ATCHA","N/A","2021-09-12","03:08:08",11288,651040,3262500,-91.44208324,29.48290672,-9999,-25.97,0.48,0.07,1.082
20210912030440,"ATCHA","WLD_Greg","2021-09-12","03:08:08",11288,651490,3262390,-91.4374583,29.48185887,30046.99,-25.96,0.48,0.07,0.906
20210912030440,"ATCHA","N/A","2021-09-12","03:08:08",11288,650600,3262370,-91.44663815,29.48178542,-9999,-25.97,0.47,0.07,0.992
20210912030440,"ATCHA","N/A","2021-09-12","03:08:08",11288,649660,3262330,-91.45633633,29.48153638,-9999,-25.98,0.46,0.07,0.594
20210912030440,"ATCHA","WLD_Main","2021-09-12","03:08:08",11288,650180,3262020,-91.45101698,29.4786747,30737.51,-25.98,0.46,0.07,0.977
20210912030440,"ATCHA","WLD_Greg","2021-09-12","03:08:08",11288,651520,3261920,-91.43721403,29.47761527,30517.81,-25.95,0.49,0.07,0.549
20210912030440,"ATCHA","N/A","2021-09-12","03:08:08",11288,650730,3261860,-91.44536785,29.47716791,-9999,-25.96,0.47,0.07,0.984
20210912030440,"ATCHA","N/A","2021-09-12","03:08:08",11288,649160,3261900,-91.46155051,29.47771796,-9999,-25.99,0.45,0.07,0.285
20210912030440,"ATCHA","WLD_Main","2021-09-12","03:08:08",11288,649670,3261840,-91.45630025,29.47711424,31010.6,-25.98,0.46,0.07,0.832
20210912030440,"ATCHA","WLD_Greg","2021-09-12","03:08:08",11288,651140,3261540,-91.44118459,29.47423375,30928.4,-25.95,0.48,0.07,0.727
20210912030440,"ATCHA","WLD_Main","2021-09-12","03:08:08",11288,650150,3261460,-91.4514031,29.47362922,31298.3,-25.97,0.46,0.07,0.99
20210912030440,"ATCHA","WLD_Main","2021-09-12","03:08:08",11288,650640,3261350,-91.44636606,29.47257689,31471.05,-25.96,0.47,0.07,0.99
20210912030440,"ATCHA","N/A","2021-09-12","03:08:08",11288,649140,3261390,-91.46182636,29.47311846,-9999,-25.98,0.45,0.07,0.431
20210912030440,"ATCHA","WLD_Main","2021-09-12","03:08:08",11288,649640,3261360,-91.45667512,29.47278906,31475.28,-25.98,0.45,0.07,0.925
20210912030440,"ATCHA","N/A","2021-09-12","03:08:08",11288,651150,3260990,-91.44115741,29.46926883,-9999,-25.95,0.48,0.07,0.583
20210912030440,"ATCHA","WLD_Main","2021-09-12","03:08:08",11288,650150,3260920,-91.45147713,29.46875766,31837.81,-25.96,0.46,0.07,0.99
20210912030440,"ATCHA","N/A","2021-09-12","03:08:08",11288,649145,3260885,-91.46184349,29.46856377,-9999,-25.98,0.44,0.07,0.601
20210912030440,"ATCHA","WLD_Main","2021-09-12","03:08:08",11288,649650,3260880,-91.45663765,29.46845568,31940.17,-25.97,0.45,0.07,0.99
20210912030440,"ATCHA","WLD_Main","2021-09-12","03:08:08",11288,650650,3260850,-91.4463317,29.46806601,31955.84,-25.95,0.47,0.07,0.977
20210912030440,"ATCHA","N/A","2021-09-12","03:08:08",11288,651145,3260430,-91.44128624,29.46421697,-9999,-25.94,0.47,0.07,0.413
20210912030440,"ATCHA","WLD_Main","2021-09-12","03:08:08",11288,650140,3260390,-91.45165297,29.46397606,32367.83,-25.96,0.45,0.07,0.99
20210912030440,"ATCHA","N/A","2021-09-12","03:08:08",11288,649145,3260385,-91.46191165,29.46405064,-9999,-25.98,0.43,0.07,0.755
20210912030440,"ATCHA","WLD_Main","2021-09-12","03:08:08",11288,649645,3260385,-91.45675685,29.46399096,32427.41,-25.97,0.44,0.07,0.99
20210912030440,"ATCHA","WLD_Main","2021-09-12","03:08:08",11288,650640,3260370,-91.44650086,29.46373846,32424.39,-25.95,0.47,0.07,0.897
20210912030440,"ATCHA","N/A","2021-09-12","03:08:08",11288,651140,3259890,-91.44141229,29.45934604,-9999,-25.94,0.47,0.07,0.251
20210912030440,"ATCHA","N/A","2021-09-12","03:08:08",11288,648645,3259885,-91.46713428,29.45960039,-9999,-25.98,0.42,0.07,0.191
20210912030440,"ATCHA","N/A","2021-09-12","03:08:08",11288,649145,3259885,-91.4619797,29.45954092,-9999,-25.98,0.43,0.07,0.573
20210912030440,"ATCHA","WLD_Main","2021-09-12","03:08:08",11288,649645,3259885,-91.45682512,29.45948125,32920.62,-25.97,0.44,0.07,0.796
20210912030440,"ATCHA","WLD_Main","2021-09-12","03:08:08",11288,650145,3259885,-91.45167056,29.45942139,32872.46,-25.95,0.45,0.07,0.92
20210912030440,"ATCHA","WLD_Main","2021-09-12","03:08:08",11288,650645,3259885,-91.44651602,29.45936132,32903.84,-25.94,0.46,0.07,0.766
20210912030440,"ATCHA","WLD_Main","2021-09-12","03:08:08",11288,649645,3259385,-91.45689339,29.45496814,33415.18,-25.96,0.43,0.07,0.318
20210912030440,"ATCHA","WLD_Main","2021-09-12","03:08:08",11288,650145,3259385,-91.45173906,29.45490828,33372.3,-25.95,0.45,0.07,0.483
20210912030440,"ATCHA","WLD_Main","2021-09-12","03:08:08",11288,650645,3259385,-91.44658474,29.45484822,33399.11,-25.94,0.45,0.07,0.398
20210912040445,"ATCHA","N/A","2021-09-12","04:07:45",14866,652810,3276375,-91.42188838,29.60786896,-9999,-26.2,0.5,0.07,0.2
20210912040445,"ATCHA","N/A","2021-09-12","04:07:45",14866,646800,3267090,-91.48518781,29.52482221,-9999,-25.94,0.59,0.07,0.285
20210912040445,"ATCHA","N/A","2021-09-12","04:07:45",14866,646340,3266830,-91.489968,29.52252744,-9999,-25.94,0.59,0.07,0.331
20210912040445,"ATCHA","WLD_Camp","2021-09-12","04:07:45",14866,646600,3266360,-91.48734895,29.51825687,29461.07,-25.94,0.58,0.07,0.64
20210912040445,"ATCHA","N/A","2021-09-12","04:07:45",14866,647330,3266250,-91.47983375,29.51717753,-9999,-25.95,0.56,0.07,0.739
20210912040445,"ATCHA","N/A","2021-09-12","04:07:45",14866,646110,3266360,-91.49240342,29.51831429,-9999,-25.93,0.59,0.07,0.248
20210912040445,"ATCHA","N/A","2021-09-12","04:07:45",14866,648220,3266120,-91.47067084,29.51590467,-9999,-25.97,0.54,0.07,0.668
20210912040445,"ATCHA","N/A","2021-09-12","04:07:45",14866,646790,3266030,-91.48543347,29.51526105,-9999,-25.94,0.57,0.07,0.831
20210912040445,"ATCHA","WLD_Camp","2021-09-12","04:07:45",14866,646290,3265850,-91.49061494,29.51369469,29997.35,-25.93,0.58,0.07,0.645
20210912040445,"ATCHA","N/A","2021-09-12","04:07:45",14866,647360,3265480,-91.47962815,29.51023013,-9999,-25.96,0.55,0.07,0.99
20210912040445,"ATCHA","N/A","2021-09-12","04:07:45",14866,646720,3265450,-91.48623331,29.51003576,-9999,-25.95,0.56,0.07,0.994
20210912040445,"ATCHA","N/A","2021-09-12","04:07:45",14866,646170,3265380,-91.49191574,29.50946524,-9999,-25.93,0.57,0.07,0.728
20210912040445,"ATCHA","N/A","2021-09-12","04:07:45",14866,647270,3265060,-91.48061298,29.50645132,-9999,-25.96,0.54,0.07,1.009
20210912040445,"ATCHA","N/A","2021-09-12","04:07:45",14866,646690,3264950,-91.48660993,29.50552952,-9999,-25.95,0.55,0.07,0.981
20210912040445,"ATCHA","N/A","2021-09-12","04:07:45",14866,645650,3264890,-91.49734439,29.50510836,-9999,-25.93,0.56,0.07,0.426
20210912040445,"ATCHA","N/A","2021-09-12","04:07:45",14866,646160,3264870,-91.49208697,29.50486787,-9999,-25.94,0.56,0.07,0.893
20210912040445,"ATCHA","WLD_Mallard","2021-09-12","04:07:45",14866,647670,3264600,-91.47654958,29.50225624,29808.84,-25.97,0.52,0.07,1.353
20210912040445,"ATCHA","WLD_Mallard","2021-09-12","04:07:45",14866,647270,3264600,-91.48067501,29.50230344,30140.15,-25.97,0.52,0.07,0.822
20210912040445,"ATCHA","WLD_Mallard","2021-09-12","04:07:45",14866,646620,3264395,-91.48740622,29.50052953,30818.44,-25.95,0.53,0.07,0.978
20210912040445,"ATCHA","N/A","2021-09-12","04:07:45",14866,645645,3264385,-91.49746328,29.50055136,-9999,-25.93,0.55,0.07,0.635
20210912040445,"ATCHA","N/A","2021-09-12","04:07:45",14866,646140,3264380,-91.49235874,29.5004492,-9999,-25.94,0.54,0.07,0.983
20210912040445,"ATCHA","N/A","2021-09-12","04:07:45",14866,647630,3264000,-91.4770431,29.49684654,-9999,-25.98,0.5,0.07,0.511
20210912040445,"ATCHA","WLD_Mallard","2021-09-12","04:07:45",14866,647140,3263900,-91.48210999,29.49599963,30680.09,-25.97,0.5,0.07,0.855
20210912040445,"ATCHA","N/A","2021-09-12","04:07:45",14866,645145,3263885,-91.50268641,29.49609631,-9999,-25.93,0.55,0.07,0.339
20210912040445,"ATCHA","WLD_Mallard","2021-09-12","04:07:45",14866,645645,3263885,-91.49752988,29.49603816,31915.34,-25.94,0.54,0.07,0.835
20210912040445,"ATCHA","WLD_Mallard","2021-09-12","04:07:45",14866,646145,3263885,-91.49237338,29.4959798,31478.99,-25.95,0.53,0.07,0.99
20210912040445,"ATCHA","WLD_Mallard","2021-09-12","04:07:45",14866,646650,3263880,-91.48716594,29.49587628,31059.54,-25.96,0.51,0.07,0.978
20210912040445,"ATCHA","N/A","2021-09-12","04:07:45",14866,647170,3263400,-91.48186789,29.49148634,-9999,-25.98,0.49,0.07,0.666
20210912040445,"ATCHA","WLD_Mallard","2021-09-12","04:07:45",14866,645145,3263385,-91.50275276,29.49158993,32590.99,-25.93,0.54,0.07,0.556
20210912040445,"ATCHA","WLD_Mallard","2021-09-12","04:07:45",14866,645645,3263385,-91.49759647,29.49153178,32171.25,-25.94,0.53,0.07,0.976
20210912040445,"ATCHA","WLD_Mallard","2021-09-12","04:07:45",14866,646145,3263385,-91.49244019,29.49147344,31758.13,-25.95,0.51,0.07,0.99
20210912040445,"ATCHA","WLD_Mallard","2021-09-12","04:07:45",14866,646650,3263380,-91.48723298,29.49136992,31392.85,-25.97,0.5,0.07,0.99
20210912040445,"ATCHA","N/A","2021-09-12","04:07:45",14866,647160,3262890,-91.48203965,29.48688559,-9999,-25.98,0.48,0.07,0.436
20210912040445,"ATCHA","WLD_Mallard","2021-09-12","04:07:45",14866,644645,3262885,-91.5079752,29.48713465,33281.55,-25.93,0.53,0.07,0.261
20210912040445,"ATCHA","WLD_Mallard","2021-09-12","04:07:45",14866,645145,3262885,-91.50281912,29.48707672,32863.22,-25.93,0.53,0.07,0.762
20210912040445,"ATCHA","WLD_Mallard","2021-09-12","04:07:45",14866,645645,3262885,-91.49766305,29.48701858,32461.81,-25.94,0.51,0.07,0.99
20210912040445,"ATCHA","WLD_Mallard","2021-09-12","04:07:45",14866,646145,3262885,-91.49250701,29.48696025,32098.13,-25.96,0.5,0.07,0.99
20210912040445,"ATCHA","N/A","2021-09-12","04:07:45",14866,646650,3262885,-91.48729941,29.48690112,-9999,-25.97,0.48,0.07,0.912
20210912040445,"ATCHA","N/A","2021-09-12","04:07:45",14866,647140,3262390,-91.48231305,29.48237819,-9999,-25.98,0.47,0.07,0.246
20210912040445,"ATCHA","WLD_Mallard","2021-09-12","04:07:45",14866,644645,3262385,-91.50804122,29.48262484,33558.4,-25.93,0.52,0.07,0.469
20210912040445,"ATCHA","WLD_Mallard","2021-09-12","04:07:45",14866,645145,3262385,-91.50288537,29.48256692,33166.58,-25.94,0.52,0.07,0.928
20210912040445,"ATCHA","WLD_Mallard","2021-09-12","04:07:45",14866,645645,3262385,-91.49772954,29.48250879,32804.31,-25.95,0.5,0.07,0.99
20210912040445,"ATCHA","N/A","2021-09-12","04:07:45",14866,646145,3262385,-91.49257371,29.48245047,-9999,-25.96,0.49,0.07,0.99
20210912040445,"ATCHA","N/A","2021-09-12","04:07:45",14866,646645,3262385,-91.48741791,29.48239194,-9999,-25.98,0.47,0.07,0.744
20210912040445,"ATCHA","N/A","2021-09-12","04:07:45",14866,644645,3261885,-91.50810734,29.47811162,-9999,-25.93,0.52,0.07,0.685
20210912040445,"ATCHA","N/A","2021-09-12","04:07:45",14866,645145,3261885,-91.50295172,29.4780537,-9999,-25.94,0.5,0.07,0.99
20210912040445,"ATCHA","N/A","2021-09-12","04:07:45",14866,645645,3261885,-91.49779611,29.47799559,-9999,-25.95,0.49,0.07,0.99
20210912040445,"ATCHA","N/A","2021-09-12","04:07:45",14866,646145,3261885,-91.49264052,29.47793727,-9999,-25.97,0.47,0.07,0.967
20210912040445,"ATCHA","N/A","2021-09-12","04:07:45",14866,646645,3261885,-91.48748494,29.47787876,-9999,-25.98,0.46,0.07,0.535
20210912040445,"ATCHA","N/A","2021-09-12","04:07:45",14866,644140,3261390,-91.5133798,29.47370447,-9999,-25.92,0.52,0.07,0.381
20210912040445,"ATCHA","N/A","2021-09-12","04:07:45",14866,644640,3261380,-91.50822563,29.47355459,-9999,-25.93,0.51,0.07,0.872
20210912040445,"ATCHA","N/A","2021-09-12","04:07:45",14866,645145,3261385,-91.50301796,29.4735439,-9999,-25.94,0.49,0.07,0.99
20210912040445,"ATCHA","N/A","2021-09-12","04:07:45",14866,645645,3261385,-91.49786258,29.4734858,-9999,-25.96,0.48,0.07,0.99
20210912040445,"ATCHA","N/A","2021-09-12","04:07:45",14866,646145,3261385,-91.49270722,29.47342749,-9999,-25.97,0.46,0.07,0.818
20210912040445,"ATCHA","N/A","2021-09-12","04:07:45",14866,646645,3261385,-91.48755186,29.47336899,-9999,-25.98,0.46,0.07,0.319
20210912040445,"ATCHA","N/A","2021-09-12","04:07:45",14866,644150,3260880,-91.5133438,29.46910132,-9999,-25.92,0.51,0.07,0.546
20210912040445,"ATCHA","N/A","2021-09-12","04:07:45",14866,644660,3260880,-91.50808551,29.46904247,-9999,-25.93,0.49,0.07,0.99
20210912040445,"ATCHA","N/A","2021-09-12","04:07:45",14866,645150,3260890,-91.50303212,29.4690779,-9999,-25.95,0.48,0.07,0.99
20210912040445,"ATCHA","N/A","2021-09-12","04:07:45",14866,645650,3260890,-91.49787696,29.46901981,-9999,-25.96,0.46,0.07,0.99
20210912040445,"ATCHA","N/A","2021-09-12","04:07:45",14866,646145,3260885,-91.492774,29.46891772,-9999,-25.97,0.45,0.07,0.617
20210912040445,"ATCHA","N/A","2021-09-12","04:07:45",14866,644530,3260370,-91.50949313,29.46445891,-9999,-25.93,0.49,0.07,0.569
20210912040445,"ATCHA","N/A","2021-09-12","04:07:45",14866,643970,3260350,-91.51526932,29.46434252,-9999,-25.92,0.5,0.07,0.292
20210912040445,"ATCHA","N/A","2021-09-12","04:07:45",14866,645080,3260380,-91.50382137,29.46448404,-9999,-25.95,0.47,0.07,0.803
20210912040445,"ATCHA","N/A","2021-09-12","04:07:45",14866,645620,3260390,-91.49825282,29.4645101,-9999,-25.96,0.45,0.07,0.885
20210912040445,"ATCHA","N/A","2021-09-12","04:07:45",14866,646140,3260390,-91.49289171,29.46444949,-9999,-25.97,0.45,0.07,0.406
20210912040445,"ATCHA","N/A","2021-09-12","04:07:45",14866,645200,3259880,-91.50265044,29.45996033,-9999,-25.96,0.45,0.07,0.355
20210912040445,"ATCHA","N/A","2021-09-12","04:07:45",14866,645670,3259880,-91.49780502,29.45990573,-9999,-25.97,0.44,0.07,0.376
20210912043441,"ATCHA","N/A","2021-09-12","04:36:44",16604,647330,3268890,-91.47947743,29.54099966,-9999,-26.18,0.39,0.07,0.367
20210912043441,"ATCHA","N/A","2021-09-12","04:36:44",16604,646220,3268540,-91.49097684,29.53797237,-9999,-26.2,0.36,0.07,1.012
20210912043441,"ATCHA","WLD_Camp","2021-09-12","04:36:44",16604,651560,3268700,-91.43586142,29.53877588,23973.04,-26.12,0.44,0.07,0.31
20210912043441,"ATCHA","N/A","2021-09-12","04:36:44",16604,646870,3268500,-91.48427595,29.53753416,-9999,-26.2,0.36,0.07,0.992
20210912043441,"ATCHA","WLD_Camp","2021-09-12","04:36:44",16604,650840,3268500,-91.44331726,29.53706062,24707.95,-26.12,0.43,0.07,0.467
20210912043441,"ATCHA","N/A","2021-09-12","04:36:44",16604,645640,3268420,-91.49697682,29.53695798,-9999,-26.21,0.35,0.07,1.008
20210912043441,"ATCHA","WLO","2021-09-12","04:36:44",16604,651980,3268260,-91.43158953,29.53475454,24163.92,-26.12,0.42,0.07,0.626
20210912043441,"ATCHA","N/A","2021-09-12","04:36:44",16604,645160,3268080,-91.50197435,29.53394479,-9999,-26.22,0.34,0.07,0.996
20210912043441,"ATCHA","WLD_Camp","2021-09-12","04:36:44",16604,650210,3268140,-91.44986664,29.53388663,25429.41,-26.13,0.42,0.07,0.536
20210912043441,"ATCHA","N/A","2021-09-12","04:36:44",16604,646470,3267720,-91.48850754,29.53054853,-9999,-26.21,0.34,0.07,0.209
20210912043441,"ATCHA","WLD_Camp","2021-09-12","04:36:44",16604,648920,3267680,-91.46323782,29.52988995,26795.66,-26.16,0.38,0.07,0.67
20210912043441,"ATCHA","N/A","2021-09-12","04:36:44",16604,645730,3267880,-91.49612042,29.53207582,-9999,-26.22,0.33,0.07,0.937
20210912043441,"ATCHA","N/A","2021-09-12","04:36:44",16604,644680,3267860,-91.50695562,29.53201703,-9999,-26.22,0.33,0.07,0.879
20210912043441,"ATCHA","WLD_Camp","2021-09-12","04:36:44",16604,649750,3267770,-91.45466292,29.53060657,26011.04,-26.14,0.4,0.07,0.625
20210912043441,"ATCHA","N/A","2021-09-12","04:36:44",16604,644130,3267580,-91.51266673,29.52955434,-9999,-26.23,0.32,0.07,0.499
20210912043441,"ATCHA","WLO","2021-09-12","04:36:44",16604,652110,3267690,-91.43032776,29.5295975,24694.91,-26.13,0.41,0.07,0.958
20210912043441,"ATCHA","WLO","2021-09-12","04:36:44",16604,651710,3267450,-91.43448747,29.52748181,25016.55,-26.13,0.4,0.07,1.005
20210912043441,"ATCHA","N/A","2021-09-12","04:36:44",16604,645150,3267520,-91.50215194,29.52889334,-9999,-26.22,0.32,0.07,0.703
20210912043441,"ATCHA","WLD_Camp","2021-09-12","04:36:44",16604,648190,3267470,-91.47079723,29.52808554,27552.35,-26.18,0.36,0.07,0.593
20210912043441,"ATCHA","N/A","2021-09-12","04:36:44",16604,643680,3267380,-91.51733558,29.52780024,-9999,-26.23,0.32,0.07,0.211
20210912043441,"ATCHA","N/A","2021-09-12","04:36:44",16604,646030,3267380,-91.49309234,29.52752756,-9999,-26.22,0.32,0.07,0.665
20210912043441,"ATCHA","N/A","2021-09-12","04:36:44",16604,645610,3267390,-91.49742381,29.52766538,-9999,-26.22,0.32,0.07,0.651
20210912043441,"ATCHA","N/A","2021-09-12","04:36:44",16604,644640,3267350,-91.5074359,29.52741968,-9999,-26.23,0.32,0.07,0.477
20210912043441,"ATCHA","WLD_Main","2021-09-12","04:36:44",16604,651220,3267090,-91.4395922,29.52429471,25527.54,-26.14,0.39,0.07,0.912
20210912043441,"ATCHA","N/A","2021-09-12","04:36:44",16604,655230,3266990,-91.39824127,29.52290139,-9999,-26.11,0.41,0.07,0.807
20210912043441,"ATCHA","N/A","2021-09-12","04:36:44",16604,655820,3266970,-91.39215824,29.52264356,-9999,-26.11,0.41,0.07,0.82
20210912043441,"ATCHA","WLD_Camp","2021-09-12","04:36:44",16604,647740,3266950,-91.47550992,29.52344478,28177.94,-26.19,0.34,0.07,0.378
20210912043441,"ATCHA","WLD_Greg","2021-09-12","04:36:44",16604,651860,3266970,-91.43300697,29.52313144,25447.49,-26.14,0.38,0.07,0.838
20210912043441,"ATCHA","WLD_Main","2021-09-12","04:36:44",16604,650690,3266960,-91.44507749,29.52318443,25962.3,-26.14,0.39,0.07,0.664
20210912043441,"ATCHA","WLD_Greg","2021-09-12","04:36:44",16604,651590,3266480,-91.4358601,29.51874676,25985.21,-26.14,0.37,0.07,0.452
20210912043441,"ATCHA","N/A","2021-09-12","04:36:44",16604,655680,3266540,-91.39366368,29.518783,-9999,-26.11,0.4,0.07,0.813
20210912043441,"ATCHA","WLD_Main","2021-09-12","04:36:44",16604,651070,3266450,-91.44122809,29.51853667,26170.54,-26.14,0.37,0.07,0.374
20210912043441,"ATCHA","WLD_East","2021-09-12","04:36:44",16604,652130,3266330,-91.43031086,29.51732582,26057.95,-26.14,0.37,0.07,0.276
20210912043441,"ATCHA","N/A","2021-09-12","04:36:44",16604,657080,3266130,-91.37928186,29.51491063,-9999,-26.17,0.34,0.07,0.266
20210912043441,"ATCHA","N/A","2021-09-12","04:36:44",16604,659360,3265960,-91.35579007,29.51308567,-9999,-26.14,0.36,0.07,0.378
20210912043441,"ATCHA","N/A","2021-09-12","04:36:44",16604,658730,3265900,-91.36229668,29.51262652,-9999,-26.15,0.35,0.07,0.453
20210912043441,"ATCHA","N/A","2021-09-12","04:36:44",16604,657560,3265980,-91.37435258,29.51349834,-9999,-26.17,0.34,0.07,0.35
20210912043441,"ATCHA","N/A","2021-09-12","04:36:44",16604,659780,3265490,-91.35152695,29.50879223,-9999,-26.14,0.36,0.07,0.193
20210912043441,"ATCHA","N/A","2021-09-12","04:36:44",16604,659210,3265510,-91.35740278,29.50904592,-9999,-26.14,0.35,0.07,0.306
20210912031556,"ATCHA","ICWW","2021-09-12","03:18:10",11890,661990,3280030,-91.32657175,29.63968017,11896.23,-26.16,0.59,0.07,0.17
20210912031556,"ATCHA","ICWW","2021-09-12","03:18:10",11890,660930,3280120,-91.33750482,29.64063034,10832.26,-26.13,0.63,0.07,0.146
20210912031556,"ATCHA","N/A","2021-09-12","03:18:10",11890,657080,3266130,-91.37928186,29.51491063,-9999,-25.96,0.55,0.07,0.871
20210912031556,"ATCHA","N/A","2021-09-12","03:18:10",11890,658730,3265900,-91.36229668,29.51262652,-9999,-26,0.5,0.07,0.503
20210912031556,"ATCHA","N/A","2021-09-12","03:18:10",11890,657560,3265980,-91.37435258,29.51349834,-9999,-25.97,0.54,0.07,0.99
20210912031556,"ATCHA","N/A","2021-09-12","03:18:10",11890,658120,3265880,-91.36859116,29.51252295,-9999,-25.99,0.51,0.07,0.977
20210912031556,"ATCHA","N/A","2021-09-12","03:18:10",11890,656750,3265870,-91.38272293,29.51260685,-9999,-25.93,0.57,0.07,0.728
20210912031556,"ATCHA","N/A","2021-09-12","03:18:10",11890,657140,3265520,-91.37875074,29.50939674,-9999,-25.94,0.55,0.07,0.964
20210912031556,"ATCHA","N/A","2021-09-12","03:18:10",11890,657650,3265430,-91.37350364,29.50852344,-9999,-25.97,0.53,0.07,0.988
20210912031556,"ATCHA","N/A","2021-09-12","03:18:10",11890,658670,3265400,-91.36298809,29.50812464,-9999,-26,0.49,0.07,0.487
20210912031556,"ATCHA","N/A","2021-09-12","03:18:10",11890,658160,3265370,-91.3682525,29.50791621,-9999,-25.99,0.5,0.07,0.955
20210912031556,"ATCHA","N/A","2021-09-12","03:18:10",11890,656660,3265310,-91.38373138,29.50756581,-9999,-25.93,0.57,0.07,0.69
20210912031556,"ATCHA","N/A","2021-09-12","03:18:10",11890,657135,3264980,-91.37887994,29.5045294,-9999,-25.94,0.54,0.07,0.99
20210912031556,"ATCHA","N/A","2021-09-12","03:18:10",11890,657640,3264900,-91.37368321,29.50374208,-9999,-25.97,0.52,0.07,0.99
20210912031556,"ATCHA","N/A","2021-09-12","03:18:10",11890,658620,3264890,-91.36357777,29.50352932,-9999,-26,0.49,0.07,0.386
20210912031556,"ATCHA","N/A","2021-09-12","03:18:10",11890,658130,3264880,-91.36863266,29.50349925,-9999,-25.99,0.5,0.07,0.884
20210912031556,"ATCHA","N/A","2021-09-12","03:18:10",11890,656620,3264850,-91.3842099,29.50341972,-9999,-25.92,0.56,0.07,0.748
20210912031556,"ATCHA","N/A","2021-09-12","03:18:10",11890,657140,3264430,-91.37890745,29.49956521,-9999,-25.95,0.53,0.07,0.99
20210912031556,"ATCHA","N/A","2021-09-12","03:18:10",11890,656100,3264400,-91.389637,29.49942584,-9999,-25.91,0.57,0.07,0.331
20210912031556,"ATCHA","N/A","2021-09-12","03:18:10",11890,657650,3264390,-91.37365362,29.49914254,-9999,-25.97,0.51,0.07,0.99
20210912031556,"ATCHA","N/A","2021-09-12","03:18:10",11890,658170,3264380,-91.36829246,29.49898468,-9999,-25.99,0.49,0.07,0.719
20210912031556,"ATCHA","N/A","2021-09-12","03:18:10",11890,656620,3264370,-91.38427864,29.49909111,-9999,-25.92,0.55,0.07,0.869
20210912031556,"ATCHA","N/A","2021-09-12","03:18:10",11890,656140,3263890,-91.38929742,29.4948157,-9999,-25.91,0.56,0.07,0.514
20210912031556,"ATCHA","N/A","2021-09-12","03:18:10",11890,657150,3263900,-91.3788805,29.49478132,-9999,-25.95,0.52,0.07,0.99
20210912031556,"ATCHA","N/A","2021-09-12","03:18:10",11890,658140,3263880,-91.36867415,29.49447555,-9999,-25.99,0.48,0.07,0.61
20210912031556,"ATCHA","N/A","2021-09-12","03:18:10",11890,656650,3263880,-91.38403945,29.49466314,-9999,-25.93,0.54,0.07,0.976
20210912031556,"ATCHA","N/A","2021-09-12","03:18:10",11890,657645,3263885,-91.37377804,29.49458245,-9999,-25.97,0.5,0.07,0.99
20210912031556,"ATCHA","N/A","2021-09-12","03:18:10",11890,656145,3263385,-91.3893179,29.49026456,-9999,-25.92,0.55,0.07,0.358
20210912031556,"ATCHA","N/A","2021-09-12","03:18:10",11890,656645,3263385,-91.38416195,29.49020202,-9999,-25.93,0.53,0.07,0.675
20210912031556,"ATCHA","N/A","2021-09-12","03:18:10",11890,657145,3263385,-91.37900602,29.49013928,-9999,-25.96,0.51,0.07,0.811
20210912031556,"ATCHA","N/A","2021-09-12","03:18:10",11890,657645,3263385,-91.3738501,29.49007634,-9999,-25.98,0.48,0.07,0.872
20210912031556,"ATCHA","N/A","2021-09-12","03:18:10",11890,658145,3263385,-91.3686942,29.4900132,-9999,-25.99,0.47,0.07,0.456
20210912031556,"ATCHA","N/A","2021-09-12","03:18:10",11890,657145,3262885,-91.37907786,29.48562633,-9999,-25.96,0.49,0.07,0.289
20210912031556,"ATCHA","N/A","2021-09-12","03:18:10",11890,657645,3262885,-91.37392217,29.4855634,-9999,-25.98,0.47,0.07,0.368
20210912031556,"ATCHA","N/A","2021-09-12","03:18:10",11890,658150,3262880,-91.36871561,29.48545526,-9999,-25.99,0.46,0.07,0.182
20210912041404,"ATCHA","N/A","2021-09-12","04:17:31",15452,659090,3292220,-91.35472839,29.75002675,-9999,-26.43,0.63,0.07,0.659
20210912041404,"ATCHA","N/A","2021-09-12","04:17:31",15452,658600,3292530,-91.35974861,29.75288547,-9999,-26.43,0.63,0.07,0.418
20210912041404,"ATCHA","N/A","2021-09-12","04:17:31",15452,658600,3291865,-91.35984627,29.74688419,-9999,-26.43,0.62,0.07,0.643
20210912041404,"ATCHA","N/A","2021-09-12","04:17:31",15452,658960,3291450,-91.3561857,29.7430966,-9999,-26.43,0.6,0.07,0.592
20210912041404,"ATCHA","ICWW","2021-09-12","04:17:31",15452,656530,3280800,-91.382846,29.64732339,6371.57,-26.24,0.54,0.07,0.173
20210912041404,"ATCHA","ICWW","2021-09-12","04:17:31",15452,654960,3281100,-91.39901786,29.65023073,4777.77,-26.27,0.51,0.07,0.245
20210912041404,"ATCHA","WLO","2021-09-12","04:17:31",15452,655550,3280890,-91.39295431,29.64826236,11041.4,-26.26,0.52,0.07,0.382
20210912041404,"ATCHA","ICWW","2021-09-12","04:17:31",15452,657310,3280560,-91.37482498,29.64506399,7185.23,-26.23,0.54,0.07,0.153
20210912041404,"ATCHA","WLO","2021-09-12","04:17:31",15452,655240,3280080,-91.39627186,29.64099228,11908.57,-26.27,0.49,0.07,0.217
20210912041404,"ATCHA","N/A","2021-09-12","04:17:31",15452,655270,3277740,-91.39629659,29.61987787,-9999,-26.19,0.53,0.07,0.295
20210912041404,"ATCHA","N/A","2021-09-12","04:17:31",15452,655180,3277200,-91.39730291,29.61502108,-9999,-26.19,0.52,0.07,0.4
20210912041404,"ATCHA","N/A","2021-09-12","04:17:31",15452,654770,3276940,-91.40157306,29.61272348,-9999,-26.18,0.52,0.07,0.28
20210912041404,"ATCHA","WLO","2021-09-12","04:17:31",15452,653970,3275960,-91.40997133,29.60398105,16213.93,-26.18,0.51,0.07,0.181
20210912041404,"ATCHA","N/A","2021-09-12","04:17:31",15452,655620,3275930,-91.39294183,29.60350615,-9999,-26.17,0.52,0.07,0.139
20210912041404,"ATCHA","N/A","2021-09-12","04:17:31",15452,654580,3275920,-91.40367966,29.603547,-9999,-26.17,0.52,0.07,0.276
20210912041404,"ATCHA","N/A","2021-09-12","04:17:31",15452,654330,3275350,-91.40634141,29.59843346,-9999,-26.17,0.51,0.07,0.629
20210912041404,"ATCHA","N/A","2021-09-12","04:17:31",15452,654940,3275495,-91.40002377,29.59966516,-9999,-26.17,0.51,0.07,0.378
20210912041404,"ATCHA","WLO","2021-09-12","04:17:31",15452,653740,3274960,-91.41248716,29.59498686,17233.04,-26.17,0.5,0.07,0.662
20210912041404,"ATCHA","WLO","2021-09-12","04:17:31",15452,653400,3273960,-91.41613785,29.58600615,18288.94,-26.17,0.48,0.07,0.571
20210912041404,"ATCHA","WLO","2021-09-12","04:17:31",15452,653100,3273320,-91.41932434,29.58027034,18991.54,-26.16,0.48,0.07,0.587
20210912041404,"ATCHA","WLO","2021-09-12","04:17:31",15452,652930,3272450,-91.42120105,29.5724429,19869.28,-26.15,0.47,0.07,0.58
20210912041404,"ATCHA","WLO","2021-09-12","04:17:31",15452,652770,3271480,-91.42298832,29.56370953,20847.31,-26.12,0.49,0.07,0.569
20210912041404,"ATCHA","N/A","2021-09-12","04:17:31",15452,653270,3271030,-91.41789189,29.55958916,-9999,-26.11,0.49,0.07,0.563
20210912041404,"ATCHA","WLO","2021-09-12","04:17:31",15452,652670,3270750,-91.42412256,29.55713656,21582.02,-26.1,0.49,0.07,0.562
20210912041404,"ATCHA","N/A","2021-09-12","04:17:31",15452,653830,3270610,-91.41217243,29.5557309,-9999,-26.11,0.48,0.07,0.158
20210912041404,"ATCHA","WLO","2021-09-12","04:17:31",15452,652490,3269740,-91.42612118,29.54804714,22607.83,-26.06,0.51,0.07,0.478
20210912041404,"ATCHA","WLO","2021-09-12","04:17:31",15452,652260,3268880,-91.42861419,29.54031906,23496.29,-26.06,0.5,0.07,0.758
20210912041404,"ATCHA","WLD_Camp","2021-09-12","04:17:31",15452,651560,3268700,-91.43586142,29.53877588,23973.04,-26.06,0.49,0.07,0.592
20210912041404,"ATCHA","WLO","2021-09-12","04:17:31",15452,651980,3268260,-91.43158953,29.53475454,24163.92,-26.06,0.48,0.07,0.959
20210912041404,"ATCHA","WLO","2021-09-12","04:17:31",15452,652110,3267690,-91.43032776,29.5295975,24694.91,-26.06,0.47,0.07,0.93
20210912041404,"ATCHA","WLO","2021-09-12","04:17:31",15452,651710,3267450,-91.43448747,29.52748181,25016.55,-26.06,0.47,0.07,0.96
20210912041404,"ATCHA","WLD_Main","2021-09-12","04:17:31",15452,651220,3267090,-91.4395922,29.52429471,25527.54,-26.06,0.46,0.07,0.901
20210912041404,"ATCHA","WLD_Greg","2021-09-12","04:17:31",15452,651860,3266970,-91.43300697,29.52313144,25447.49,-26.06,0.47,0.07,0.98
20210912041404,"ATCHA","WLD_Main","2021-09-12","04:17:31",15452,650690,3266960,-91.44507749,29.52318443,25962.3,-26.07,0.46,0.07,0.659
20210912041404,"ATCHA","WLD_Greg","2021-09-12","04:17:31",15452,651590,3266480,-91.4358601,29.51874676,25985.21,-26.05,0.47,0.07,0.998
20210912041404,"ATCHA","WLD_Main","2021-09-12","04:17:31",15452,651070,3266450,-91.44122809,29.51853667,26170.54,-26.06,0.46,0.07,0.782
20210912041404,"ATCHA","WLD_East","2021-09-12","04:17:31",15452,652130,3266330,-91.43031086,29.51732582,26057.95,-26.03,0.48,0.07,1.072
20210912041404,"ATCHA","WLD_Main","2021-09-12","04:17:31",15452,650570,3266420,-91.44638976,29.51832735,26444.49,-26.06,0.45,0.07,0.462
20210912041404,"ATCHA","N/A","2021-09-12","04:17:31",15452,651010,3265740,-91.4419452,29.51213957,-9999,-26.04,0.47,0.07,1.856
20210912041404,"ATCHA","WLD_East","2021-09-12","04:17:31",15452,652500,3265890,-91.42655581,29.51331385,26570.62,-26.02,0.49,0.07,0.856
20210912041404,"ATCHA","WLD_Main","2021-09-12","04:17:31",15452,650670,3265900,-91.44542995,29.51362468,26837.23,-26.05,0.46,0.07,0.605
20210912041404,"ATCHA","WLD_Greg","2021-09-12","04:17:31",15452,651680,3265880,-91.43501506,29.51332152,26551.13,-26.03,0.48,0.07,1.338
20210912041404,"ATCHA","WLD_Main","2021-09-12","04:17:31",15452,650270,3265360,-91.44963003,29.50880131,27501.2,-26.03,0.47,0.07,0.659
20210912041404,"ATCHA","WLD_East","2021-09-12","04:17:31",15452,652810,3265270,-91.42344498,29.50768416,27262.19,-26,0.49,0.07,0.437
20210912041404,"ATCHA","N/A","2021-09-12","04:17:31",15452,650770,3265320,-91.44447854,29.5083792,-9999,-26.03,0.47,0.07,1.475
20210912041404,"ATCHA","WLD_Greg","2021-09-12","04:17:31",15452,651610,3265300,-91.43581746,29.50810004,27133.72,-26.02,0.48,0.07,1.675
20210912041404,"ATCHA","N/A","2021-09-12","04:17:31",15452,652210,3265270,-91.4296333,29.5077574,-9999,-26.01,0.48,0.07,1.381
20210912041404,"ATCHA","N/A","2021-09-12","04:17:31",15452,651150,3264760,-91.44063667,29.50328082,-9999,-26.01,0.48,0.07,1.64
20210912041404,"ATCHA","N/A","2021-09-12","04:17:31",15452,652600,3264510,-91.42571702,29.50084808,-9999,-25.99,0.49,0.07,0.472
20210912041404,"ATCHA","WLD_Main","2021-09-12","04:17:31",15452,650240,3264610,-91.45004257,29.50203868,28188.16,-26.02,0.47,0.07,0.967
20210912041404,"ATCHA","WLD_Greg","2021-09-12","04:17:31",15452,651580,3264710,-91.43620884,29.50277812,27720.1,-26,0.48,0.07,1.548
20210912041404,"ATCHA","N/A","2021-09-12","04:17:31",15452,650890,3264210,-91.44339411,29.49834853,-9999,-26,0.48,0.07,1.387
20210912041404,"ATCHA","WLD_Greg","2021-09-12","04:17:31",15452,651390,3264010,-91.43826522,29.49648557,28442.2,-25.99,0.48,0.07,1.442
20210912041404,"ATCHA","N/A","2021-09-12","04:17:31",15452,649810,3263930,-91.45457051,29.49595219,-9999,-26.01,0.46,0.07,0.771
20210912041404,"ATCHA","N/A","2021-09-12","04:17:31",15452,650670,3263490,-91.4457621,29.49188195,-9999,-25.99,0.47,0.07,1.542
20210912041404,"ATCHA","N/A","2021-09-12","04:17:31",15452,649710,3263410,-91.45567288,29.49127695,-9999,-26,0.46,0.07,0.892
20210912041404,"ATCHA","WLD_Greg","2021-09-12","04:17:31",15452,651320,3263430,-91.43906742,29.49126065,29025.47,-25.98,0.48,0.07,1.697
20210912041404,"ATCHA","N/A","2021-09-12","04:17:31",15452,651720,3263120,-91.4349855,29.48841625,-9999,-25.98,0.48,0.07,1.292
20210912041404,"ATCHA","N/A","2021-09-12","04:17:31",15452,650730,3263000,-91.44521088,29.4874538,-9999,-25.98,0.47,0.07,1.047
20210912041404,"ATCHA","N/A","2021-09-12","04:17:31",15452,649580,3262880,-91.45708599,29.4865097,-9999,-26,0.45,0.07,0.224
20210912041404,"ATCHA","WLD_Main","2021-09-12","04:17:31",15452,650190,3262720,-91.45081783,29.48499253,30038.39,-25.99,0.46,0.07,0.967
20210912041404,"ATCHA","N/A","2021-09-12","04:17:31",15452,651040,3262500,-91.44208324,29.48290672,-9999,-25.97,0.47,0.07,1.111
20210912041404,"ATCHA","WLD_Greg","2021-09-12","04:17:31",15452,651490,3262390,-91.4374583,29.48185887,30046.99,-25.96,0.48,0.07,0.852
20210912041404,"ATCHA","N/A","2021-09-12","04:17:31",15452,650600,3262370,-91.44663815,29.48178542,-9999,-25.98,0.47,0.07,0.991
20210912041404,"ATCHA","N/A","2021-09-12","04:17:31",15452,649660,3262330,-91.45633633,29.48153638,-9999,-25.99,0.45,0.07,0.626
20210912041404,"ATCHA","WLD_Main","2021-09-12","04:17:31",15452,650180,3262020,-91.45101698,29.4786747,30737.51,-25.98,0.46,0.07,0.977
20210912041404,"ATCHA","WLD_Greg","2021-09-12","04:17:31",15452,651520,3261920,-91.43721403,29.47761527,30517.81,-25.95,0.49,0.07,0.503
20210912041404,"ATCHA","N/A","2021-09-12","04:17:31",15452,650730,3261860,-91.44536785,29.47716791,-9999,-25.96,0.47,0.07,0.983
20210912041404,"ATCHA","N/A","2021-09-12","04:17:31",15452,649160,3261900,-91.46155051,29.47771796,-9999,-25.99,0.44,0.07,0.297
20210912041404,"ATCHA","WLD_Main","2021-09-12","04:17:31",15452,649670,3261840,-91.45630025,29.47711424,31010.6,-25.99,0.45,0.07,0.84
20210912041404,"ATCHA","WLD_Greg","2021-09-12","04:17:31",15452,651140,3261540,-91.44118459,29.47423375,30928.4,-25.95,0.48,0.07,0.697
20210912041404,"ATCHA","WLD_Main","2021-09-12","04:17:31",15452,650150,3261460,-91.4514031,29.47362922,31298.3,-25.97,0.46,0.07,0.99
20210912041404,"ATCHA","WLD_Main","2021-09-12","04:17:31",15452,650640,3261350,-91.44636606,29.47257689,31471.05,-25.96,0.47,0.07,0.99
20210912041404,"ATCHA","N/A","2021-09-12","04:17:31",15452,649140,3261390,-91.46182636,29.47311846,-9999,-25.99,0.44,0.07,0.441
20210912041404,"ATCHA","WLD_Main","2021-09-12","04:17:31",15452,649640,3261360,-91.45667512,29.47278906,31475.28,-25.98,0.45,0.07,0.932
20210912041404,"ATCHA","N/A","2021-09-12","04:17:31",15452,651150,3260990,-91.44115741,29.46926883,-9999,-25.94,0.48,0.07,0.559
20210912041404,"ATCHA","WLD_Main","2021-09-12","04:17:31",15452,650150,3260920,-91.45147713,29.46875766,31837.81,-25.96,0.46,0.07,0.99
20210912041404,"ATCHA","N/A","2021-09-12","04:17:31",15452,649145,3260885,-91.46184349,29.46856377,-9999,-25.98,0.44,0.07,0.614
20210912041404,"ATCHA","WLD_Main","2021-09-12","04:17:31",15452,649650,3260880,-91.45663765,29.46845568,31940.17,-25.98,0.44,0.07,0.99
20210912041404,"ATCHA","WLD_Main","2021-09-12","04:17:31",15452,650650,3260850,-91.4463317,29.46806601,31955.84,-25.95,0.47,0.07,0.963
20210912041404,"ATCHA","N/A","2021-09-12","04:17:31",15452,651145,3260430,-91.44128624,29.46421697,-9999,-25.93,0.48,0.07,0.376
20210912041404,"ATCHA","WLD_Main","2021-09-12","04:17:31",15452,650140,3260390,-91.45165297,29.46397606,32367.83,-25.95,0.46,0.07,0.99
20210912041404,"ATCHA","N/A","2021-09-12","04:17:31",15452,648645,3260385,-91.46706647,29.46411012,-9999,-25.99,0.43,0.07,0.249
20210912041404,"ATCHA","N/A","2021-09-12","04:17:31",15452,649145,3260385,-91.46191165,29.46405064,-9999,-25.98,0.43,0.07,0.77
20210912041404,"ATCHA","WLD_Main","2021-09-12","04:17:31",15452,649645,3260385,-91.45675685,29.46399096,32427.41,-25.97,0.44,0.07,0.99
20210912041404,"ATCHA","WLD_Main","2021-09-12","04:17:31",15452,650640,3260370,-91.44650086,29.46373846,32424.39,-25.94,0.47,0.07,0.868
20210912041404,"ATCHA","N/A","2021-09-12","04:17:31",15452,648645,3259885,-91.46713428,29.45960039,-9999,-25.98,0.42,0.07,0.407
20210912041404,"ATCHA","N/A","2021-09-12","04:17:31",15452,649145,3259885,-91.4619797,29.45954092,-9999,-25.97,0.43,0.07,0.902
20210912041404,"ATCHA","WLD_Main","2021-09-12","04:17:31",15452,649645,3259885,-91.45682512,29.45948125,32920.62,-25.96,0.44,0.07,0.99
20210912041404,"ATCHA","WLD_Main","2021-09-12","04:17:31",15452,650145,3259885,-91.45167056,29.45942139,32872.46,-25.95,0.46,0.07,0.99
20210912041404,"ATCHA","WLD_Main","2021-09-12","04:17:31",15452,650645,3259885,-91.44651602,29.45936132,32903.84,-25.93,0.47,0.07,0.73
20210912041404,"ATCHA","N/A","2021-09-12","04:17:31",15452,648645,3259385,-91.4672021,29.45508725,-9999,-25.98,0.42,0.07,0.572
20210912041404,"ATCHA","N/A","2021-09-12","04:17:31",15452,649145,3259385,-91.46204773,29.45502779,-9999,-25.97,0.43,0.07,0.987
20210912041404,"ATCHA","WLD_Main","2021-09-12","04:17:31",15452,649645,3259385,-91.45689339,29.45496814,33415.18,-25.95,0.44,0.07,0.99
20210912041404,"ATCHA","WLD_Main","2021-09-12","04:17:31",15452,650145,3259385,-91.45173906,29.45490828,33372.3,-25.94,0.46,0.07,0.987
20210912041404,"ATCHA","WLD_Main","2021-09-12","04:17:31",15452,650645,3259385,-91.44658474,29.45484822,33399.11,-25.93,0.47,0.07,0.572
20210912041404,"ATCHA","N/A","2021-09-12","04:17:31",15452,648645,3258885,-91.46726999,29.45057753,-9999,-25.97,0.42,0.07,0.732
20210912041404,"ATCHA","N/A","2021-09-12","04:17:31",15452,649145,3258885,-91.46211586,29.45051808,-9999,-25.96,0.43,0.07,0.99
20210912041404,"ATCHA","WLD_Main","2021-09-12","04:17:31",15452,649645,3258885,-91.45696174,29.45045843,33910.71,-25.94,0.45,0.07,0.99
20210912041404,"ATCHA","WLD_Main","2021-09-12","04:17:31",15452,650145,3258885,-91.45180764,29.45039859,33872.19,-25.93,0.46,0.07,0.9
20210912041404,"ATCHA","WLD_Main","2021-09-12","04:17:31",15452,650645,3258885,-91.44665355,29.45033854,33895.57,-25.92,0.47,0.07,0.402
20210912041404,"ATCHA","N/A","2021-09-12","04:17:31",15452,648145,3258385,-91.47249162,29.44612362,-9999,-25.97,0.41,0.07,0.364
20210912041404,"ATCHA","N/A","2021-09-12","04:17:31",15452,648645,3258385,-91.4673377,29.44606439,-9999,-25.96,0.42,0.07,0.872
20210912041404,"ATCHA","N/A","2021-09-12","04:17:31",15452,649145,3258385,-91.4621838,29.44600495,-9999,-25.95,0.43,0.07,0.99
20210912041404,"ATCHA","N/A","2021-09-12","04:17:31",15452,649645,3258385,-91.4570299,29.44594532,-9999,-25.93,0.45,0.07,0.99
20210912041404,"ATCHA","N/A","2021-09-12","04:17:31",15452,650145,3258385,-91.45187603,29.44588548,-9999,-25.92,0.46,0.07,0.765
20210912041404,"ATCHA","N/A","2021-09-12","04:17:31",15452,650645,3258385,-91.44672217,29.44582545,-9999,-25.92,0.46,0.07,0.244
20210912041404,"ATCHA","N/A","2021-09-12","04:17:31",15452,648145,3257885,-91.47255919,29.44161389,-9999,-25.96,0.41,0.07,0.419
20210912041404,"ATCHA","N/A","2021-09-12","04:17:31",15452,648645,3257885,-91.46740549,29.44155466,-9999,-25.95,0.42,0.07,0.899
20210912041404,"ATCHA","N/A","2021-09-12","04:17:31",15452,649145,3257885,-91.46225182,29.44149524,-9999,-25.94,0.43,0.07,0.99
20210912041404,"ATCHA","N/A","2021-09-12","04:17:31",15452,649645,3257885,-91.45709815,29.44143561,-9999,-25.92,0.45,0.07,0.99
20210912041404,"ATCHA","N/A","2021-09-12","04:17:31",15452,650145,3257885,-91.45194451,29.44137579,-9999,-25.91,0.46,0.07,0.611
20210912041404,"ATCHA","N/A","2021-09-12","04:17:31",15452,648145,3257385,-91.47262673,29.43710074,-9999,-25.96,0.41,0.07,0.195
20210912041404,"ATCHA","N/A","2021-09-12","04:17:31",15452,648645,3257385,-91.46747327,29.43704152,-9999,-25.95,0.42,0.07,0.426
20210912041404,"ATCHA","N/A","2021-09-12","04:17:31",15452,649145,3257385,-91.46231982,29.43698211,-9999,-25.93,0.43,0.07,0.587
20210912041404,"ATCHA","N/A","2021-09-12","04:17:31",15452,649645,3257385,-91.45716638,29.43692249,-9999,-25.92,0.45,0.07,0.688
20210912041404,"ATCHA","N/A","2021-09-12","04:17:31",15452,650145,3257385,-91.45201296,29.43686268,-9999,-25.91,0.46,0.07,0.402
20210912024917,"ATCHA","N/A","2021-09-12","02:52:22",10342,654480,3281950,-91.4038544,29.65795784,-9999,-26.25,0.55,0.07,0.216
20210912024917,"ATCHA","ICWW","2021-09-12","02:52:22",10342,653010,3281760,-91.41906496,29.6564261,2721.66,-26.27,0.54,0.07,0.17
20210912024917,"ATCHA","ICWW","2021-09-12","02:52:22",10342,653635,3281530,-91.41264194,29.65427336,3387.54,-26.26,0.54,0.07,0.283
20210912024917,"ATCHA","ICWW","2021-09-12","02:52:22",10342,654290,3281310,-91.40590792,29.65220877,4077.51,-26.25,0.54,0.07,0.236
20210912024917,"ATCHA","ICWW","2021-09-12","02:52:22",10342,654960,3281100,-91.39901786,29.65023073,4777.77,-26.25,0.54,0.07,0.133
20210912024917,"ATCHA","N/A","2021-09-12","02:52:22",10342,652810,3276375,-91.42188838,29.60786896,-9999,-26.24,0.46,0.07,0.192
20210912024917,"ATCHA","N/A","2021-09-12","02:52:22",10342,652320,3275560,-91.42706128,29.60057569,-9999,-26.24,0.45,0.07,0.164
20210912024917,"ATCHA","WLD_Camp","2021-09-12","02:52:22",10342,648920,3267680,-91.46323782,29.52988995,26795.66,-26.07,0.47,0.07,0.439
20210912024917,"ATCHA","N/A","2021-09-12","02:52:22",10342,646800,3267090,-91.48518781,29.52482221,-9999,-26.02,0.51,0.07,0.304
20210912024917,"ATCHA","N/A","2021-09-12","02:52:22",10342,646340,3266830,-91.489968,29.52252744,-9999,-26.02,0.51,0.07,0.35
20210912024917,"ATCHA","WLD_Camp","2021-09-12","02:52:22",10342,646600,3266360,-91.48734895,29.51825687,29461.07,-26.02,0.5,0.07,0.652
20210912024917,"ATCHA","N/A","2021-09-12","02:52:22",10342,647330,3266250,-91.47983375,29.51717753,-9999,-26.03,0.49,0.07,0.768
20210912024917,"ATCHA","N/A","2021-09-12","02:52:22",10342,646110,3266360,-91.49240342,29.51831429,-9999,-26.02,0.5,0.07,0.265
20210912024917,"ATCHA","N/A","2021-09-12","02:52:22",10342,648220,3266120,-91.47067084,29.51590467,-9999,-26.04,0.47,0.07,0.667
20210912024917,"ATCHA","N/A","2021-09-12","02:52:22",10342,646790,3266030,-91.48543347,29.51526105,-9999,-26.02,0.49,0.07,0.852
20210912024917,"ATCHA","WLD_Camp","2021-09-12","02:52:22",10342,646290,3265850,-91.49061494,29.51369469,29997.35,-26.01,0.5,0.07,0.664
20210912024917,"ATCHA","N/A","2021-09-12","02:52:22",10342,647360,3265480,-91.47962815,29.51023013,-9999,-26.02,0.48,0.07,0.99
20210912024917,"ATCHA","N/A","2021-09-12","02:52:22",10342,646720,3265450,-91.48623331,29.51003576,-9999,-26.01,0.49,0.07,0.994
20210912024917,"ATCHA","N/A","2021-09-12","02:52:22",10342,646170,3265380,-91.49191574,29.50946524,-9999,-26.01,0.5,0.07,0.749
20210912024917,"ATCHA","WLD_Camp","2021-09-12","02:52:22",10342,645640,3265390,-91.49738092,29.50962273,30793.54,-26,0.5,0.07,0.229
20210912024917,"ATCHA","N/A","2021-09-12","02:52:22",10342,647270,3265060,-91.48061298,29.50645132,-9999,-26.02,0.47,0.07,0.994
20210912024917,"ATCHA","N/A","2021-09-12","02:52:22",10342,646690,3264950,-91.48660993,29.50552952,-9999,-26.01,0.48,0.07,0.982
20210912024917,"ATCHA","N/A","2021-09-12","02:52:22",10342,645650,3264890,-91.49734439,29.50510836,-9999,-25.99,0.5,0.07,0.45
20210912024917,"ATCHA","N/A","2021-09-12","02:52:22",10342,646160,3264870,-91.49208697,29.50486787,-9999,-26,0.49,0.07,0.91
20210912024917,"ATCHA","WLD_Mallard","2021-09-12","02:52:22",10342,647670,3264600,-91.47654958,29.50225624,29808.84,-26.02,0.47,0.07,1.345
20210912024917,"ATCHA","WLD_Mallard","2021-09-12","02:52:22",10342,647270,3264600,-91.48067501,29.50230344,30140.15,-26.01,0.47,0.07,0.81
20210912024917,"ATCHA","WLD_Mallard","2021-09-12","02:52:22",10342,646620,3264395,-91.48740622,29.50052953,30818.44,-26,0.48,0.07,0.969
20210912024917,"ATCHA","N/A","2021-09-12","02:52:22",10342,645645,3264385,-91.49746328,29.50055136,-9999,-25.98,0.5,0.07,0.659
20210912024917,"ATCHA","N/A","2021-09-12","02:52:22",10342,646140,3264380,-91.49235874,29.5004492,-9999,-25.99,0.49,0.07,0.983
20210912024917,"ATCHA","N/A","2021-09-12","02:52:22",10342,647630,3264000,-91.4770431,29.49684654,-9999,-26.01,0.46,0.07,0.568
20210912024917,"ATCHA","WLD_Mallard","2021-09-12","02:52:22",10342,647140,3263900,-91.48210999,29.49599963,30680.09,-26,0.47,0.07,0.848
20210912024917,"ATCHA","N/A","2021-09-12","02:52:22",10342,645145,3263885,-91.50268641,29.49609631,-9999,-25.97,0.51,0.07,0.362
20210912024917,"ATCHA","WLD_Mallard","2021-09-12","02:52:22",10342,645645,3263885,-91.49752988,29.49603816,31915.34,-25.98,0.5,0.07,0.853
20210912024917,"ATCHA","WLD_Mallard","2021-09-12","02:52:22",10342,646145,3263885,-91.49237338,29.4959798,31478.99,-25.99,0.49,0.07,0.99
20210912024917,"ATCHA","WLD_Mallard","2021-09-12","02:52:22",10342,646650,3263880,-91.48716594,29.49587628,31059.54,-26,0.48,0.07,0.978
20210912024917,"ATCHA","N/A","2021-09-12","02:52:22",10342,647170,3263400,-91.48186789,29.49148634,-9999,-26,0.47,0.07,0.657
20210912024917,"ATCHA","WLD_Mallard","2021-09-12","02:52:22",10342,645145,3263385,-91.50275276,29.49158993,32590.99,-25.96,0.51,0.07,0.58
20210912024917,"ATCHA","WLD_Mallard","2021-09-12","02:52:22",10342,645645,3263385,-91.49759647,29.49153178,32171.25,-25.97,0.5,0.07,0.984
20210912024917,"ATCHA","WLD_Mallard","2021-09-12","02:52:22",10342,646145,3263385,-91.49244019,29.49147344,31758.13,-25.98,0.49,0.07,0.99
20210912024917,"ATCHA","WLD_Mallard","2021-09-12","02:52:22",10342,646650,3263380,-91.48723298,29.49136992,31392.85,-25.99,0.48,0.07,0.99
20210912024917,"ATCHA","N/A","2021-09-12","02:52:22",10342,647160,3262890,-91.48203965,29.48688559,-9999,-25.98,0.47,0.07,0.429
20210912024917,"ATCHA","WLD_Mallard","2021-09-12","02:52:22",10342,644645,3262885,-91.5079752,29.48713465,33281.55,-25.94,0.52,0.07,0.288
20210912024917,"ATCHA","WLD_Mallard","2021-09-12","02:52:22",10342,645145,3262885,-91.50281912,29.48707672,32863.22,-25.95,0.51,0.07,0.786
20210912024917,"ATCHA","WLD_Mallard","2021-09-12","02:52:22",10342,645645,3262885,-91.49766305,29.48701858,32461.81,-25.96,0.5,0.07,0.99
20210912024917,"ATCHA","WLD_Mallard","2021-09-12","02:52:22",10342,646145,3262885,-91.49250701,29.48696025,32098.13,-25.97,0.49,0.07,0.99
20210912024917,"ATCHA","N/A","2021-09-12","02:52:22",10342,646650,3262885,-91.48729941,29.48690112,-9999,-25.98,0.48,0.07,0.907
20210912024917,"ATCHA","N/A","2021-09-12","02:52:22",10342,647140,3262390,-91.48231305,29.48237819,-9999,-25.97,0.48,0.07,0.238
20210912024917,"ATCHA","WLD_Mallard","2021-09-12","02:52:22",10342,644645,3262385,-91.50804122,29.48262484,33558.4,-25.94,0.52,0.07,0.5
20210912024917,"ATCHA","WLD_Mallard","2021-09-12","02:52:22",10342,645145,3262385,-91.50288537,29.48256692,33166.58,-25.94,0.51,0.07,0.947
20210912024917,"ATCHA","WLD_Mallard","2021-09-12","02:52:22",10342,645645,3262385,-91.49772954,29.48250879,32804.31,-25.95,0.5,0.07,0.99
20210912024917,"ATCHA","N/A","2021-09-12","02:52:22",10342,646145,3262385,-91.49257371,29.48245047,-9999,-25.96,0.49,0.07,0.99
20210912024917,"ATCHA","N/A","2021-09-12","02:52:22",10342,646645,3262385,-91.48741791,29.48239194,-9999,-25.97,0.48,0.07,0.736
20210912024917,"ATCHA","N/A","2021-09-12","02:52:22",10342,644645,3261885,-91.50810734,29.47811162,-9999,-25.93,0.51,0.07,0.712
20210912024917,"ATCHA","N/A","2021-09-12","02:52:22",10342,645145,3261885,-91.50295172,29.4780537,-9999,-25.94,0.51,0.07,0.99
20210912024917,"ATCHA","N/A","2021-09-12","02:52:22",10342,645645,3261885,-91.49779611,29.47799559,-9999,-25.94,0.5,0.07,0.99
20210912024917,"ATCHA","N/A","2021-09-12","02:52:22",10342,646145,3261885,-91.49264052,29.47793727,-9999,-25.95,0.49,0.07,0.963
20210912024917,"ATCHA","N/A","2021-09-12","02:52:22",10342,646645,3261885,-91.48748494,29.47787876,-9999,-25.96,0.48,0.07,0.526
20210912024917,"ATCHA","N/A","2021-09-12","02:52:22",10342,644140,3261390,-91.5133798,29.47370447,-9999,-25.92,0.51,0.07,0.406
20210912024917,"ATCHA","N/A","2021-09-12","02:52:22",10342,644640,3261380,-91.50822563,29.47355459,-9999,-25.93,0.51,0.07,0.891
20210912024917,"ATCHA","N/A","2021-09-12","02:52:22",10342,645145,3261385,-91.50301796,29.4735439,-9999,-25.93,0.5,0.07,0.99
20210912024917,"ATCHA","N/A","2021-09-12","02:52:22",10342,645645,3261385,-91.49786258,29.4734858,-9999,-25.94,0.49,0.07,0.99
20210912024917,"ATCHA","N/A","2021-09-12","02:52:22",10342,646145,3261385,-91.49270722,29.47342749,-9999,-25.95,0.49,0.07,0.812
20210912024917,"ATCHA","N/A","2021-09-12","02:52:22",10342,646645,3261385,-91.48755186,29.47336899,-9999,-25.95,0.48,0.07,0.312
20210912024917,"ATCHA","N/A","2021-09-12","02:52:22",10342,644150,3260880,-91.5133438,29.46910132,-9999,-25.92,0.5,0.07,0.479
20210912024917,"ATCHA","N/A","2021-09-12","02:52:22",10342,644660,3260880,-91.50808551,29.46904247,-9999,-25.93,0.5,0.07,0.929
20210912024917,"ATCHA","N/A","2021-09-12","02:52:22",10342,645150,3260890,-91.50303212,29.4690779,-9999,-25.93,0.49,0.07,0.99
20210912024917,"ATCHA","N/A","2021-09-12","02:52:22",10342,645650,3260890,-91.49787696,29.46901981,-9999,-25.94,0.49,0.07,0.99
20210912024917,"ATCHA","N/A","2021-09-12","02:52:22",10342,646145,3260885,-91.492774,29.46891772,-9999,-25.94,0.48,0.07,0.61
20210912024917,"ATCHA","N/A","2021-09-12","02:52:22",10342,644530,3260370,-91.50949313,29.46445891,-9999,-25.93,0.49,0.07,0.403
20210912024917,"ATCHA","N/A","2021-09-12","02:52:22",10342,645080,3260380,-91.50382137,29.46448404,-9999,-25.93,0.49,0.07,0.65
20210912024917,"ATCHA","N/A","2021-09-12","02:52:22",10342,645620,3260390,-91.49825282,29.4645101,-9999,-25.94,0.48,0.07,0.776
20210912024917,"ATCHA","N/A","2021-09-12","02:52:22",10342,646140,3260390,-91.49289171,29.46444949,-9999,-25.94,0.48,0.07,0.397
20210912024917,"ATCHA","N/A","2021-09-12","02:52:22",10342,645670,3259880,-91.49780502,29.45990573,-9999,-25.94,0.47,0.07,0.264
20210912033322,"ATCHA","N/A","2021-09-12","03:35:59",12960,645140,3266410,-91.50240268,29.51888145,-9999,-26.04,0.48,0.07,0.311
20210912033322,"ATCHA","N/A","2021-09-12","03:35:59",12960,644640,3266360,-91.50756692,29.51848541,-9999,-26.04,0.49,0.07,0.258
20210912033322,"ATCHA","WLD_Camp","2021-09-12","03:35:59",12960,646290,3265850,-91.49061494,29.51369469,29997.35,-26.02,0.49,0.07,0.554
20210912033322,"ATCHA","WLD_Camp","2021-09-12","03:35:59",12960,645160,3265890,-91.50226544,29.51418839,30982.62,-26.03,0.49,0.07,0.848
20210912033322,"ATCHA","WLD_Camp","2021-09-12","03:35:59",12960,645700,3265880,-91.49669675,29.51403335,30479.11,-26.03,0.49,0.07,0.707
20210912033322,"ATCHA","N/A","2021-09-12","03:35:59",12960,644650,3265880,-91.50752737,29.51415538,-9999,-26.02,0.49,0.07,0.626
20210912033322,"ATCHA","N/A","2021-09-12","03:35:59",12960,647360,3265480,-91.47962815,29.51023013,-9999,-26,0.5,0.07,1.031
20210912033322,"ATCHA","WLD_Mallard","2021-09-12","03:35:59",12960,648600,3265420,-91.46684646,29.50954386,28576.39,-25.99,0.51,0.07,0.904
20210912033322,"ATCHA","N/A","2021-09-12","03:35:59",12960,646720,3265450,-91.48623331,29.51003576,-9999,-26.01,0.49,0.07,0.944
20210912033322,"ATCHA","N/A","2021-09-12","03:35:59",12960,646170,3265380,-91.49191574,29.50946524,-9999,-26.01,0.49,0.07,0.969
20210912033322,"ATCHA","WLD_Camp","2021-09-12","03:35:59",12960,645640,3265390,-91.49738092,29.50962273,30793.54,-26.01,0.49,0.07,0.99
20210912033322,"ATCHA","N/A","2021-09-12","03:35:59",12960,644150,3265390,-91.51274944,29.50979554,-9999,-26,0.51,0.07,0.318
20210912033322,"ATCHA","WLD_Camp","2021-09-12","03:35:59",12960,645140,3265390,-91.50253813,29.50968092,31207.63,-26.01,0.5,0.07,0.99
20210912033322,"ATCHA","WLD_Camp","2021-09-12","03:35:59",12960,644645,3265385,-91.50764439,29.50969394,31644.17,-26,0.5,0.07,0.792
20210912033322,"ATCHA","WLD_Gadwall","2021-09-12","03:35:59",12960,649900,3264960,-91.45350113,29.50523732,28032.37,-25.98,0.51,0.07,0.79
20210912033322,"ATCHA","WLD_Mallard","2021-09-12","03:35:59",12960,648260,3264950,-91.47041712,29.50534422,29178.88,-25.99,0.5,0.07,0.236
20210912033322,"ATCHA","N/A","2021-09-12","03:35:59",12960,647270,3265060,-91.48061298,29.50645132,-9999,-26,0.49,0.07,0.932
20210912033322,"ATCHA","N/A","2021-09-12","03:35:59",12960,648960,3264890,-91.46320556,29.50471816,-9999,-25.98,0.51,0.07,1.479
20210912033322,"ATCHA","N/A","2021-09-12","03:35:59",12960,651150,3264760,-91.44063667,29.50328082,-9999,-25.96,0.52,0.07,0.589
20210912033322,"ATCHA","N/A","2021-09-12","03:35:59",12960,646690,3264950,-91.48660993,29.50552952,-9999,-25.99,0.5,0.07,0.961
20210912033322,"ATCHA","N/A","2021-09-12","03:35:59",12960,644145,3264885,-91.51286766,29.50523509,-9999,-25.97,0.52,0.07,0.461
20210912033322,"ATCHA","WLD_Camp","2021-09-12","03:35:59",12960,644645,3264885,-91.50771065,29.50517731,31898.63,-25.98,0.52,0.07,0.919
20210912033322,"ATCHA","WLD_Camp","2021-09-12","03:35:59",12960,645145,3264885,-91.50255366,29.50511933,31492.91,-25.98,0.51,0.07,0.99
20210912033322,"ATCHA","N/A","2021-09-12","03:35:59",12960,645650,3264890,-91.49734439,29.50510836,-9999,-25.99,0.51,0.07,0.99
20210912033322,"ATCHA","N/A","2021-09-12","03:35:59",12960,646160,3264870,-91.49208697,29.50486787,-9999,-25.99,0.51,0.07,0.97
20210912033322,"ATCHA","N/A","2021-09-12","03:35:59",12960,652600,3264510,-91.42571702,29.50084808,-9999,-25.99,0.49,0.07,0.321
20210912033322,"ATCHA","WLD_Main","2021-09-12","03:35:59",12960,650240,3264610,-91.45004257,29.50203868,28188.16,-25.96,0.52,0.07,1.116
20210912033322,"ATCHA","WLD_Mallard","2021-09-12","03:35:59",12960,647670,3264600,-91.47654958,29.50225624,29808.84,-25.98,0.51,0.07,1.722
20210912033322,"ATCHA","N/A","2021-09-12","03:35:59",12960,648640,3264530,-91.46655492,29.50150626,-9999,-25.97,0.51,0.07,1.348
20210912033322,"ATCHA","WLD_Mallard","2021-09-12","03:35:59",12960,647270,3264600,-91.48067501,29.50230344,30140.15,-25.96,0.53,0.07,0.995
20210912033322,"ATCHA","WLD_Gadwall","2021-09-12","03:35:59",12960,649730,3264460,-91.45532294,29.50074458,28550.18,-25.96,0.52,0.07,1.412
20210912033322,"ATCHA","WLD_Mallard","2021-09-12","03:35:59",12960,646620,3264395,-91.48740622,29.50052953,30818.44,-25.96,0.52,0.07,0.978
20210912033322,"ATCHA","N/A","2021-09-12","03:35:59",12960,648140,3264350,-91.47173614,29.49994062,-9999,-25.97,0.51,0.07,1.262
20210912033322,"ATCHA","N/A","2021-09-12","03:35:59",12960,650890,3264210,-91.44339411,29.49834853,-9999,-25.95,0.53,0.07,0.927
20210912033322,"ATCHA","N/A","2021-09-12","03:35:59",12960,644145,3264385,-91.51293358,29.50072527,-9999,-25.96,0.52,0.07,0.322
20210912033322,"ATCHA","N/A","2021-09-12","03:35:59",12960,644645,3264385,-91.5077768,29.5006675,-9999,-25.96,0.52,0.07,0.646
20210912033322,"ATCHA","N/A","2021-09-12","03:35:59",12960,645145,3264385,-91.50262003,29.50060953,-9999,-25.96,0.52,0.07,0.791
20210912033322,"ATCHA","N/A","2021-09-12","03:35:59",12960,645645,3264385,-91.49746328,29.50055136,-9999,-25.96,0.52,0.07,0.915
20210912033322,"ATCHA","N/A","2021-09-12","03:35:59",12960,646140,3264380,-91.49235874,29.5004492,-9999,-25.96,0.52,0.07,0.982
20210912033322,"ATCHA","WLD_Gadwall","2021-09-12","03:35:59",12960,649140,3264250,-91.46143637,29.49892385,29052.29,-25.96,0.52,0.07,2.19
20210912033322,"ATCHA","WLD_East","2021-09-12","03:35:59",12960,653950,3263310,-91.41196325,29.48985741,29528.13,-25.98,0.48,0.07,0.906
20210912033322,"ATCHA","WLD_Greg","2021-09-12","03:35:59",12960,651390,3264010,-91.43826522,29.49648557,28442.2,-25.95,0.53,0.07,1.392
20210912033322,"ATCHA","N/A","2021-09-12","03:35:59",12960,649810,3263930,-91.45457051,29.49595219,-9999,-25.95,0.52,0.07,2.13
20210912033322,"ATCHA","N/A","2021-09-12","03:35:59",12960,647630,3264000,-91.4770431,29.49684654,-9999,-25.95,0.53,0.07,1.043
20210912033322,"ATCHA","WLD_East","2021-09-12","03:35:59",12960,653340,3263970,-91.41816104,29.49588943,28665.91,-25.99,0.48,0.07,0.592
20210912033322,"ATCHA","WLD_Mallard","2021-09-12","03:35:59",12960,647140,3263900,-91.48210999,29.49599963,30680.09,-25.94,0.53,0.07,0.875
20210912033322,"ATCHA","WLD_Gadwall","2021-09-12","03:35:59",12960,648670,3263870,-91.46633525,29.4955489,29652.62,-25.94,0.54,0.07,1.564
20210912033322,"ATCHA","N/A","2021-09-12","03:35:59",12960,647940,3263920,-91.47385704,29.49608273,-9999,-25.94,0.53,0.07,1.001
20210912033322,"ATCHA","N/A","2021-09-12","03:35:59",12960,645145,3263885,-91.50268641,29.49609631,-9999,-25.95,0.52,0.07,0.266
20210912033322,"ATCHA","WLD_Mallard","2021-09-12","03:35:59",12960,645645,3263885,-91.49752988,29.49603816,31915.34,-25.95,0.52,0.07,0.421
20210912033322,"ATCHA","WLD_Mallard","2021-09-12","03:35:59",12960,646145,3263885,-91.49237338,29.4959798,31478.99,-25.95,0.53,0.07,0.583
20210912033322,"ATCHA","WLD_Mallard","2021-09-12","03:35:59",12960,646650,3263880,-91.48716594,29.49587628,31059.54,-25.94,0.53,0.07,0.726
20210912033322,"ATCHA","N/A","2021-09-12","03:35:59",12960,649260,3263600,-91.46028761,29.4930411,-9999,-25.94,0.53,0.07,2.1
20210912033322,"ATCHA","N/A","2021-09-12","03:35:59",12960,650670,3263490,-91.4457621,29.49188195,-9999,-25.93,0.53,0.07,1.818
20210912033322,"ATCHA","WLD_East","2021-09-12","03:35:59",12960,653540,3263490,-91.4161659,29.49153279,29185.84,-25.99,0.47,0.07,0.697
20210912033322,"ATCHA","N/A","2021-09-12","03:35:59",12960,652220,3263340,-91.42979889,29.49033891,-9999,-25.95,0.51,0.07,1.702
20210912033322,"ATCHA","WLD_Pintail","2021-09-12","03:35:59",12960,652880,3263400,-91.42298458,29.49080118,29281.66,-25.97,0.5,0.07,1.627
20210912033322,"ATCHA","N/A","2021-09-12","03:35:59",12960,654220,3263500,-91.40915221,29.49154127,-9999,-25.99,0.48,0.07,0.399
20210912033322,"ATCHA","N/A","2021-09-12","03:35:59",12960,649710,3263410,-91.45567288,29.49127695,-9999,-25.93,0.54,0.07,1.89
20210912033322,"ATCHA","WLD_Gadwall","2021-09-12","03:35:59",12960,647690,3263430,-91.47650134,29.49169472,30688.54,-25.93,0.54,0.07,0.628
20210912033322,"ATCHA","WLD_Gadwall","2021-09-12","03:35:59",12960,648260,3263390,-91.47062857,29.4912688,30281.86,-25.93,0.53,0.07,0.645
20210912033322,"ATCHA","N/A","2021-09-12","03:35:59",12960,654660,3263420,-91.40462624,29.4907632,-9999,-25.99,0.48,0.07,0.435
20210912033322,"ATCHA","WLD_Greg","2021-09-12","03:35:59",12960,651320,3263430,-91.43906742,29.49126065,29025.47,-25.93,0.53,0.07,2.236
20210912033322,"ATCHA","N/A","2021-09-12","03:35:59",12960,655160,3263420,-91.39947023,29.49070125,-9999,-25.98,0.48,0.07,0.306
20210912033322,"ATCHA","N/A","2021-09-12","03:35:59",12960,647170,3263400,-91.48186789,29.49148634,-9999,-25.93,0.54,0.07,0.392
20210912033322,"ATCHA","N/A","2021-09-12","03:35:59",12960,651720,3263120,-91.4349855,29.48841625,-9999,-25.93,0.53,0.07,1.944
20210912033322,"ATCHA","N/A","2021-09-12","03:35:59",12960,650730,3263000,-91.44521088,29.4874538,-9999,-25.91,0.54,0.07,1.152
20210912033322,"ATCHA","N/A","2021-09-12","03:35:59",12960,649170,3262990,-91.461299,29.48754869,-9999,-25.91,0.54,0.07,0.521
20210912033322,"ATCHA","WLD_Pintail","2021-09-12","03:35:59",12960,653200,3262960,-91.41974619,29.48679177,29626.14,-25.96,0.49,0.07,1.479
20210912033322,"ATCHA","N/A","2021-09-12","03:35:59",12960,653680,3262930,-91.41480092,29.48646318,-9999,-25.95,0.5,0.07,1.197
20210912033322,"ATCHA","N/A","2021-09-12","03:35:59",12960,652070,3262830,-91.43141652,29.48575875,-9999,-25.94,0.51,0.07,1.545
20210912033322,"ATCHA","N/A","2021-09-12","03:35:59",12960,649580,3262880,-91.45708599,29.4865097,-9999,-25.91,0.54,0.07,0.563
20210912033322,"ATCHA","WLD_East","2021-09-12","03:35:59",12960,654230,3262950,-91.40912658,29.4865764,29983.86,-25.97,0.48,0.07,0.943
20210912033322,"ATCHA","WLD_Main","2021-09-12","03:35:59",12960,650190,3262720,-91.45081783,29.48499253,30038.39,-25.9,0.55,0.07,0.528
20210912033322,"ATCHA","WLD_East","2021-09-12","03:35:59",12960,655130,3262900,-91.39985336,29.48601104,30770.91,-25.97,0.48,0.07,0.849
20210912033322,"ATCHA","WLD_East","2021-09-12","03:35:59",12960,654650,3262890,-91.40480432,29.48598174,30330.91,-25.97,0.48,0.07,0.941
20210912033322,"ATCHA","N/A","2021-09-12","03:35:59",12960,655640,3262880,-91.39459723,29.48577016,-9999,-25.96,0.49,0.07,0.724
20210912033322,"ATCHA","N/A","2021-09-12","03:35:59",12960,656145,3262885,-91.38938928,29.48575159,-9999,-25.96,0.49,0.07,0.558
20210912033322,"ATCHA","N/A","2021-09-12","03:35:59",12960,656645,3262885,-91.38423356,29.48568906,-9999,-25.96,0.49,0.07,0.393
20210912033322,"ATCHA","N/A","2021-09-12","03:35:59",12960,657145,3262885,-91.37907786,29.48562633,-9999,-25.96,0.49,0.07,0.238
20210912033322,"ATCHA","N/A","2021-09-12","03:35:59",12960,651040,3262500,-91.44208324,29.48290672,-9999,-25.91,0.54,0.07,0.969
20210912033322,"ATCHA","N/A","2021-09-12","03:35:59",12960,652840,3262400,-91.4235367,29.48178339,-9999,-25.93,0.52,0.07,0.75
20210912033322,"ATCHA","WLD_Greg","2021-09-12","03:35:59",12960,651490,3262390,-91.4374583,29.48185887,30046.99,-25.92,0.52,0.07,1.116
20210912033322,"ATCHA","N/A","2021-09-12","03:35:59",12960,654050,3262440,-91.41105451,29.48199681,-9999,-25.95,0.5,0.07,1.009
20210912033322,"ATCHA","WLD_Pintail","2021-09-12","03:35:59",12960,653490,3262390,-91.41683582,29.48161504,30223.21,-25.94,0.51,0.07,0.969
20210912033322,"ATCHA","N/A","2021-09-12","03:35:59",12960,650600,3262370,-91.44663815,29.48178542,-9999,-25.89,0.55,0.07,0.418
20210912033322,"ATCHA","N/A","2021-09-12","03:35:59",12960,652210,3262430,-91.43002859,29.48212991,-9999,-25.93,0.52,0.07,0.964
20210912033322,"ATCHA","WLD_East","2021-09-12","03:35:59",12960,654610,3262380,-91.40528877,29.48138834,30668.5,-25.94,0.5,0.07,0.986
20210912033322,"ATCHA","WLD_East","2021-09-12","03:35:59",12960,655140,3262390,-91.39982247,29.48141147,31022.08,-25.94,0.5,0.07,0.99
20210912033322,"ATCHA","N/A","2021-09-12","03:35:59",12960,658640,3262385,-91.36373481,29.48092808,-9999,-25.96,0.49,0.07,0.282
20210912033322,"ATCHA","N/A","2021-09-12","03:35:59",12960,655645,3262385,-91.39461605,29.48130435,-9999,-25.94,0.5,0.07,0.99
20210912033322,"ATCHA","N/A","2021-09-12","03:35:59",12960,656145,3262385,-91.38946054,29.48124203,-9999,-25.95,0.5,0.07,0.982
20210912033322,"ATCHA","N/A","2021-09-12","03:35:59",12960,656645,3262385,-91.38430505,29.48117951,-9999,-25.95,0.49,0.07,0.889
20210912033322,"ATCHA","N/A","2021-09-12","03:35:59",12960,657145,3262385,-91.37914958,29.4811168,-9999,-25.95,0.49,0.07,0.755
20210912033322,"ATCHA","N/A","2021-09-12","03:35:59",12960,657645,3262385,-91.37399412,29.48105388,-9999,-25.96,0.49,0.07,0.601
20210912033322,"ATCHA","N/A","2021-09-12","03:35:59",12960,658145,3262385,-91.36883868,29.48099076,-9999,-25.96,0.49,0.07,0.438
20210912033322,"ATCHA","N/A","2021-09-12","03:35:59",12960,652510,3261960,-91.42700081,29.47785342,-9999,-25.92,0.52,0.07,0.124
20210912033322,"ATCHA","N/A","2021-09-12","03:35:59",12960,654170,3261930,-91.40988904,29.47738025,-9999,-25.92,0.52,0.07,0.974
20210912033322,"ATCHA","WLD_Pintail","2021-09-12","03:35:59",12960,653660,3261880,-91.41515457,29.47698896,30760.21,-25.92,0.51,0.07,0.788
20210912033322,"ATCHA","N/A","2021-09-12","03:35:59",12960,653070,3261840,-91.42124351,29.47670284,-9999,-25.92,0.52,0.07,0.502
20210912033322,"ATCHA","N/A","2021-09-12","03:35:59",12960,660160,3261910,-91.34813189,29.4764468,-9999,-25.96,0.47,0.07,0.299
20210912033322,"ATCHA","WLD_East","2021-09-12","03:35:59",12960,654650,3261880,-91.40494701,29.47686697,31118.19,-25.92,0.52,0.07,0.99
20210912033322,"ATCHA","N/A","2021-09-12","03:35:59",12960,659650,3261880,-91.35339466,29.47623889,-9999,-25.96,0.48,0.07,0.496
20210912033322,"ATCHA","N/A","2021-09-12","03:35:59",12960,655145,3261885,-91.39984249,29.47685347,-9999,-25.92,0.52,0.07,0.99
20210912033322,"ATCHA","N/A","2021-09-12","03:35:59",12960,655645,3261885,-91.39468719,29.47679137,-9999,-25.92,0.52,0.07,0.99
20210912033322,"ATCHA","N/A","2021-09-12","03:35:59",12960,656645,3261885,-91.38437665,29.47666655,-9999,-25.93,0.51,0.07,0.99
20210912033322,"ATCHA","N/A","2021-09-12","03:35:59",12960,657145,3261885,-91.37922141,29.47660385,-9999,-25.93,0.5,0.07,0.99
20210912033322,"ATCHA","N/A","2021-09-12","03:35:59",12960,657645,3261885,-91.37406618,29.47654094,-9999,-25.94,0.5,0.07,0.99
20210912033322,"ATCHA","N/A","2021-09-12","03:35:59",12960,658145,3261885,-91.36891096,29.47647783,-9999,-25.95,0.49,0.07,0.923
20210912033322,"ATCHA","N/A","2021-09-12","03:35:59",12960,658645,3261885,-91.36375576,29.47641453,-9999,-25.95,0.49,0.07,0.8
20210912033322,"ATCHA","N/A","2021-09-12","03:35:59",12960,659145,3261885,-91.35860058,29.47635103,-9999,-25.95,0.49,0.07,0.651
20210912033322,"ATCHA","N/A","2021-09-12","03:35:59",12960,660660,3261790,-91.34299455,29.47530056,-9999,-25.97,0.47,0.07,0.331
20210912033322,"ATCHA","WLD_Pintail","2021-09-12","03:35:59",12960,654140,3261410,-91.41027164,29.47269,31379.73,-25.91,0.52,0.07,0.498
20210912033322,"ATCHA","N/A","2021-09-12","03:35:59",12960,660140,3261390,-91.34841432,29.47175897,-9999,-25.95,0.48,0.07,0.84
20210912033322,"ATCHA","WLD_Pintail","2021-09-12","03:35:59",12960,653640,3261380,-91.4154309,29.4724818,31242.17,-25.91,0.52,0.07,0.305
20210912033322,"ATCHA","N/A","2021-09-12","03:35:59",12960,654640,3261380,-91.40512069,29.47235861,-9999,-25.9,0.53,0.07,0.623
20210912033322,"ATCHA","N/A","2021-09-12","03:35:59",12960,655145,3261385,-91.39991329,29.47234389,-9999,-25.89,0.53,0.07,0.787
20210912033322,"ATCHA","N/A","2021-09-12","03:35:59",12960,655645,3261385,-91.39475822,29.4722818,-9999,-25.89,0.54,0.07,0.921
20210912033322,"ATCHA","N/A","2021-09-12","03:35:59",12960,656145,3261385,-91.38960317,29.4722195,-9999,-25.89,0.54,0.07,0.99
20210912033322,"ATCHA","N/A","2021-09-12","03:35:59",12960,656645,3261385,-91.38444813,29.472157,-9999,-25.9,0.53,0.07,0.99
20210912033322,"ATCHA","N/A","2021-09-12","03:35:59",12960,657145,3261385,-91.37929312,29.47209431,-9999,-25.91,0.52,0.07,0.99
20210912033322,"ATCHA","N/A","2021-09-12","03:35:59",12960,657645,3261385,-91.37413811,29.47203142,-9999,-25.91,0.52,0.07,0.99
20210912033322,"ATCHA","N/A","2021-09-12","03:35:59",12960,658145,3261385,-91.36898313,29.47196832,-9999,-25.92,0.51,0.07,0.99
20210912033322,"ATCHA","N/A","2021-09-12","03:35:59",12960,658645,3261385,-91.36382816,29.47190503,-9999,-25.93,0.5,0.07,0.99
20210912033322,"ATCHA","N/A","2021-09-12","03:35:59",12960,659145,3261385,-91.3586732,29.47184154,-9999,-25.94,0.49,0.07,0.99
20210912033322,"ATCHA","N/A","2021-09-12","03:35:59",12960,659640,3261390,-91.35356924,29.47182286,-9999,-25.95,0.48,0.07,0.954
20210912033322,"ATCHA","N/A","2021-09-12","03:35:59",12960,661190,3261300,-91.33760225,29.4708117,-9999,-25.97,0.46,0.07,0.597
20210912033322,"ATCHA","N/A","2021-09-12","03:35:59",12960,660650,3261300,-91.34316948,29.47088114,-9999,-25.96,0.47,0.07,0.811
20210912033322,"ATCHA","N/A","2021-09-12","03:35:59",12960,661790,3261210,-91.33142971,29.46992182,-9999,-25.97,0.46,0.07,0.421
20210912033322,"ATCHA","N/A","2021-09-12","03:35:59",12960,659660,3260890,-91.35343589,29.46731083,-9999,-25.92,0.5,0.07,0.99
20210912033322,"ATCHA","N/A","2021-09-12","03:35:59",12960,655145,3260885,-91.39998418,29.46783431,-9999,-25.88,0.54,0.07,0.27
20210912033322,"ATCHA","N/A","2021-09-12","03:35:59",12960,655645,3260885,-91.39482934,29.46777223,-9999,-25.88,0.54,0.07,0.436
20210912033322,"ATCHA","N/A","2021-09-12","03:35:59",12960,656145,3260885,-91.38967451,29.46770994,-9999,-25.88,0.54,0.07,0.6
20210912033322,"ATCHA","N/A","2021-09-12","03:35:59",12960,656645,3260885,-91.38451971,29.46764746,-9999,-25.88,0.54,0.07,0.75
20210912033322,"ATCHA","N/A","2021-09-12","03:35:59",12960,657145,3260885,-91.37936491,29.46758478,-9999,-25.88,0.54,0.07,0.885
20210912033322,"ATCHA","N/A","2021-09-12","03:35:59",12960,657645,3260885,-91.37421014,29.46752189,-9999,-25.89,0.53,0.07,0.982
20210912033322,"ATCHA","N/A","2021-09-12","03:35:59",12960,658145,3260885,-91.36905538,29.46745881,-9999,-25.9,0.53,0.07,0.99
20210912033322,"ATCHA","N/A","2021-09-12","03:35:59",12960,658645,3260885,-91.36390064,29.46739553,-9999,-25.9,0.52,0.07,0.99
20210912033322,"ATCHA","N/A","2021-09-12","03:35:59",12960,659150,3260885,-91.35869437,29.46733141,-9999,-25.91,0.51,0.07,0.99
20210912033322,"ATCHA","N/A","2021-09-12","03:35:59",12960,660190,3260860,-91.34797632,29.46697001,-9999,-25.93,0.49,0.07,0.994
20210912033322,"ATCHA","N/A","2021-09-12","03:35:59",12960,660740,3260760,-91.34232085,29.46599829,-9999,-25.94,0.48,0.07,1.067
20210912033322,"ATCHA","N/A","2021-09-12","03:35:59",12960,661580,3260610,-91.33368327,29.46453832,-9999,-25.96,0.46,0.07,0.141
20210912033322,"ATCHA","N/A","2021-09-12","03:35:59",12960,659680,3260390,-91.35330267,29.46279539,-9999,-25.9,0.52,0.07,0.99
20210912033322,"ATCHA","N/A","2021-09-12","03:35:59",12960,657145,3260385,-91.37943672,29.46307183,-9999,-25.87,0.54,0.07,0.384
20210912033322,"ATCHA","N/A","2021-09-12","03:35:59",12960,657645,3260385,-91.37428218,29.46300896,-9999,-25.87,0.54,0.07,0.547
20210912033322,"ATCHA","N/A","2021-09-12","03:35:59",12960,658145,3260385,-91.36912765,29.46294589,-9999,-25.88,0.54,0.07,0.701
20210912033322,"ATCHA","N/A","2021-09-12","03:35:59",12960,658640,3260380,-91.36402535,29.46283887,-9999,-25.88,0.53,0.07,0.837
20210912033322,"ATCHA","N/A","2021-09-12","03:35:59",12960,659150,3260380,-91.35876777,29.46277413,-9999,-25.89,0.53,0.07,0.951
20210912033322,"ATCHA","N/A","2021-09-12","03:35:59",12960,660220,3260320,-91.34774592,29.46209827,-9999,-25.91,0.51,0.07,1.003
20210912033322,"ATCHA","N/A","2021-09-12","03:35:59",12960,661790,3259820,-91.33163502,29.4573835,-9999,-25.94,0.46,0.07,0.392
20210912033322,"ATCHA","ATCH","2021-09-12","03:35:59",12960,665990,3259840,-91.28833789,29.45701123,25716.8,-25.95,0.45,0.07,0.678
20210912033322,"ATCHA","N/A","2021-09-12","03:35:59",12960,659800,3259890,-91.35213838,29.4582706,-9999,-25.88,0.52,0.07,0.746
20210912033322,"ATCHA","N/A","2021-09-12","03:35:59",12960,659230,3259880,-91.35801569,29.45825447,-9999,-25.88,0.53,0.07,0.51
20210912033322,"ATCHA","N/A","2021-09-12","03:35:59",12960,658680,3259860,-91.3636884,29.45813996,-9999,-25.87,0.54,0.07,0.312
20210912033322,"ATCHA","ATCH","2021-09-12","03:35:59",12960,666520,3259830,-91.28287618,29.4568521,25575.02,-25.96,0.44,0.07,0.42
20210912033322,"ATCHA","N/A","2021-09-12","03:35:59",12960,668180,3259420,-91.26582797,29.45292997,-9999,-25.93,0.47,0.07,0.266
20210912033322,"ATCHA","N/A","2021-09-12","03:35:59",12960,660230,3259740,-91.34772769,29.45686383,-9999,-25.89,0.52,0.07,0.813
20210912033322,"ATCHA","ATCH","2021-09-12","03:35:59",12960,665660,3259360,-91.29181195,29.45272652,26287.6,-25.94,0.46,0.07,0.993
20210912033322,"ATCHA","ATCH","2021-09-12","03:35:59",12960,665100,3259260,-91.29759937,29.45189929,26685.17,-25.91,0.49,0.07,0.992
20210912033322,"ATCHA","ATCH","2021-09-12","03:35:59",12960,666220,3259230,-91.28605953,29.45147805,26229.27,-25.95,0.45,0.07,0.941
20210912033322,"ATCHA","N/A","2021-09-12","03:35:59",12960,668530,3258730,-91.26232626,29.44666006,-9999,-25.92,0.46,0.07,0.82
20210912033322,"ATCHA","N/A","2021-09-12","03:35:59",12960,667750,3258970,-91.27032901,29.44892894,-9999,-25.93,0.46,0.07,0.331
20210912033322,"ATCHA","ATCH","2021-09-12","03:35:59",12960,665280,3258890,-91.29579978,29.44853706,26879.02,-25.91,0.48,0.07,0.998
20210912033322,"ATCHA","N/A","2021-09-12","03:35:59",12960,666290,3258680,-91.28542136,29.44650885,-9999,-25.94,0.44,0.07,0.864
20210912033322,"ATCHA","N/A","2021-09-12","03:35:59",12960,669600,3258370,-91.25135366,29.44326939,-9999,-25.93,0.44,0.07,0.13
20210912033322,"ATCHA","N/A","2021-09-12","03:35:59",12960,668290,3258395,-91.26485134,29.44367135,-9999,-25.91,0.47,0.07,0.392
20210912033322,"ATCHA","N/A","2021-09-12","03:35:59",12960,669050,3258220,-91.25704536,29.44198857,-9999,-25.92,0.45,0.07,0.906
20210912033322,"ATCHA","N/A","2021-09-12","03:35:59",12960,670000,3258140,-91.24726674,29.44113977,-9999,-25.93,0.44,0.07,0.773
20210912033322,"ATCHA","N/A","2021-09-12","03:35:59",12960,666440,3257930,-91.28398917,29.43972324,-9999,-25.92,0.45,0.07,0.204
20210912033322,"ATCHA","N/A","2021-09-12","03:35:59",12960,669280,3257810,-91.25473823,29.43826068,-9999,-25.92,0.45,0.07,0.987
20210912033322,"ATCHA","N/A","2021-09-12","03:35:59",12960,668660,3257690,-91.26114637,29.43725879,-9999,-25.9,0.47,0.07,0.947
20210912033322,"ATCHA","N/A","2021-09-12","03:35:59",12960,668290,3257240,-91.26502867,29.43324985,-9999,-25.89,0.47,0.07,0.537
20210912042521,"ATCHA","ICWW","2021-09-12","04:27:33",16054,661990,3280030,-91.32657175,29.63968017,11896.23,-26.15,0.6,0.07,0.167
20210912042521,"ATCHA","ICWW","2021-09-12","04:27:33",16054,660930,3280120,-91.33750482,29.64063034,10832.26,-26.13,0.63,0.07,0.138
20210912042521,"ATCHA","N/A","2021-09-12","04:27:33",16054,657080,3266130,-91.37928186,29.51491063,-9999,-25.96,0.55,0.07,0.87
20210912042521,"ATCHA","N/A","2021-09-12","04:27:33",16054,658730,3265900,-91.36229668,29.51262652,-9999,-25.99,0.51,0.07,0.509
20210912042521,"ATCHA","N/A","2021-09-12","04:27:33",16054,657560,3265980,-91.37435258,29.51349834,-9999,-25.97,0.54,0.07,0.99
20210912042521,"ATCHA","N/A","2021-09-12","04:27:33",16054,658120,3265880,-91.36859116,29.51252295,-9999,-25.98,0.52,0.07,0.978
20210912042521,"ATCHA","N/A","2021-09-12","04:27:33",16054,656750,3265870,-91.38272293,29.51260685,-9999,-25.94,0.56,0.07,0.704
20210912042521,"ATCHA","N/A","2021-09-12","04:27:33",16054,657140,3265520,-91.37875074,29.50939674,-9999,-25.95,0.55,0.07,0.954
20210912042521,"ATCHA","N/A","2021-09-12","04:27:33",16054,657650,3265430,-91.37350364,29.50852344,-9999,-25.97,0.53,0.07,0.988
20210912042521,"ATCHA","N/A","2021-09-12","04:27:33",16054,658670,3265400,-91.36298809,29.50812464,-9999,-25.99,0.5,0.07,0.497
20210912042521,"ATCHA","N/A","2021-09-12","04:27:33",16054,658160,3265370,-91.3682525,29.50791621,-9999,-25.98,0.51,0.07,0.96
20210912042521,"ATCHA","N/A","2021-09-12","04:27:33",16054,656660,3265310,-91.38373138,29.50756581,-9999,-25.94,0.56,0.07,0.666
20210912042521,"ATCHA","N/A","2021-09-12","04:27:33",16054,657135,3264980,-91.37887994,29.5045294,-9999,-25.95,0.54,0.07,0.99
20210912042521,"ATCHA","N/A","2021-09-12","04:27:33",16054,657640,3264900,-91.37368321,29.50374208,-9999,-25.96,0.52,0.07,0.99
20210912042521,"ATCHA","N/A","2021-09-12","04:27:33",16054,658620,3264890,-91.36357777,29.50352932,-9999,-25.98,0.5,0.07,0.396
20210912042521,"ATCHA","N/A","2021-09-12","04:27:33",16054,658130,3264880,-91.36863266,29.50349925,-9999,-25.98,0.51,0.07,0.891
20210912042521,"ATCHA","N/A","2021-09-12","04:27:33",16054,656620,3264850,-91.3842099,29.50341972,-9999,-25.93,0.55,0.07,0.729
20210912042521,"ATCHA","N/A","2021-09-12","04:27:33",16054,657140,3264430,-91.37890745,29.49956521,-9999,-25.95,0.53,0.07,0.99
20210912042521,"ATCHA","N/A","2021-09-12","04:27:33",16054,656100,3264400,-91.389637,29.49942584,-9999,-25.92,0.56,0.07,0.311
20210912042521,"ATCHA","N/A","2021-09-12","04:27:33",16054,657650,3264390,-91.37365362,29.49914254,-9999,-25.96,0.52,0.07,0.99
20210912042521,"ATCHA","N/A","2021-09-12","04:27:33",16054,658170,3264380,-91.36829246,29.49898468,-9999,-25.97,0.5,0.07,0.727
20210912042521,"ATCHA","N/A","2021-09-12","04:27:33",16054,656620,3264370,-91.38427864,29.49909111,-9999,-25.93,0.55,0.07,0.853
20210912042521,"ATCHA","N/A","2021-09-12","04:27:33",16054,656140,3263890,-91.38929742,29.4948157,-9999,-25.92,0.55,0.07,0.503
20210912042521,"ATCHA","N/A","2021-09-12","04:27:33",16054,657150,3263900,-91.3788805,29.49478132,-9999,-25.95,0.52,0.07,0.99
20210912042521,"ATCHA","N/A","2021-09-12","04:27:33",16054,658140,3263880,-91.36867415,29.49447555,-9999,-25.97,0.5,0.07,0.617
20210912042521,"ATCHA","N/A","2021-09-12","04:27:33",16054,656650,3263880,-91.38403945,29.49466314,-9999,-25.93,0.54,0.07,0.969
20210912042521,"ATCHA","N/A","2021-09-12","04:27:33",16054,657645,3263885,-91.37377804,29.49458245,-9999,-25.96,0.51,0.07,0.99
20210912042521,"ATCHA","N/A","2021-09-12","04:27:33",16054,656145,3263385,-91.3893179,29.49026456,-9999,-25.92,0.54,0.07,0.471
20210912042521,"ATCHA","N/A","2021-09-12","04:27:33",16054,656645,3263385,-91.38416195,29.49020202,-9999,-25.93,0.53,0.07,0.851
20210912042521,"ATCHA","N/A","2021-09-12","04:27:33",16054,657145,3263385,-91.37900602,29.49013928,-9999,-25.95,0.51,0.07,0.953
20210912042521,"ATCHA","N/A","2021-09-12","04:27:33",16054,657645,3263385,-91.3738501,29.49007634,-9999,-25.96,0.5,0.07,0.942
20210912042521,"ATCHA","N/A","2021-09-12","04:27:33",16054,658145,3263385,-91.3686942,29.4900132,-9999,-25.97,0.49,0.07,0.463
20210912042521,"ATCHA","N/A","2021-09-12","04:27:33",16054,656645,3262885,-91.38423356,29.48568906,-9999,-25.93,0.52,0.07,0.335
20210912042521,"ATCHA","N/A","2021-09-12","04:27:33",16054,657145,3262885,-91.37907786,29.48562633,-9999,-25.95,0.5,0.07,0.483
20210912042521,"ATCHA","N/A","2021-09-12","04:27:33",16054,657645,3262885,-91.37392217,29.4855634,-9999,-25.96,0.49,0.07,0.525
20210912042521,"ATCHA","N/A","2021-09-12","04:27:33",16054,658150,3262880,-91.36871561,29.48545526,-9999,-25.97,0.48,0.07,0.252
20210912035234,"ATCHA","ATCH","2021-09-12","03:55:20",14120,670410,3282530,-91.23923011,29.6611071,623.45,-26.3,0.5,0.07,0.391
20210912035234,"ATCHA","N/A","2021-09-12","03:55:20",14120,677750,3282510,-91.16342435,29.65989726,-9999,-26.44,0.35,0.07,0.573
20210912035234,"ATCHA","N/A","2021-09-12","03:55:20",14120,678370,3282430,-91.1570342,29.65908473,-9999,-26.44,0.34,0.07,0.559
20210912035234,"ATCHA","N/A","2021-09-12","03:55:20",14120,676660,3282500,-91.17468347,29.65996405,-9999,-26.44,0.35,0.07,0.409
20210912035234,"ATCHA","N/A","2021-09-12","03:55:20",14120,677200,3282360,-91.16912922,29.65862417,-9999,-26.44,0.34,0.07,0.675
20210912035234,"ATCHA","N/A","2021-09-12","03:55:20",14120,654480,3281950,-91.4038544,29.65795784,-9999,-26.34,0.46,0.07,0.105
20210912035234,"ATCHA","ATCH","2021-09-12","03:55:20",14120,670130,3282050,-91.24219747,29.65681378,1177.75,-26.3,0.49,0.07,0.463
20210912035234,"ATCHA","ICWW","2021-09-12","03:55:20",14120,669410,3282040,-91.24963525,29.65682345,19626.97,-26.3,0.49,0.07,0.491
20210912035234,"ATCHA","N/A","2021-09-12","03:55:20",14120,678750,3281880,-91.15320023,29.65407054,-9999,-26.46,0.32,0.07,0.818
20210912035234,"ATCHA","N/A","2021-09-12","03:55:20",14120,678010,3281940,-91.16083271,29.65471612,-9999,-26.45,0.32,0.07,0.978
20210912035234,"ATCHA","N/A","2021-09-12","03:55:20",14120,677570,3281930,-91.16537828,29.65469035,-9999,-26.45,0.32,0.07,0.961
20210912035234,"ATCHA","N/A","2021-09-12","03:55:20",14120,677010,3281910,-91.17116492,29.65458937,-9999,-26.45,0.32,0.07,0.936
20210912035234,"ATCHA","N/A","2021-09-12","03:55:20",14120,676480,3281800,-91.17665634,29.65367491,-9999,-26.47,0.3,0.07,0.939
20210912035234,"ATCHA","ICWW","2021-09-12","03:55:20",14120,668790,3281755,-91.25608296,29.65433749,18952.88,-26.31,0.48,0.07,0.261
20210912035234,"ATCHA","ICWW","2021-09-12","03:55:20",14120,667870,3281520,-91.26562094,29.65234236,18004.61,-26.31,0.47,0.07,0.244
20210912035234,"ATCHA","N/A","2021-09-12","03:55:20",14120,674630,3280940,-91.19590049,29.64617771,-9999,-26.55,0.21,0.07,0.315
20210912035234,"ATCHA","ATCH","2021-09-12","03:55:20",14120,670120,3281380,-91.24240577,29.65076986,1802.38,-26.3,0.47,0.07,0.315
20210912035234,"ATCHA","N/A","2021-09-12","03:55:20",14120,678060,3281410,-91.16040329,29.64992687,-9999,-26.47,0.3,0.07,0.966
20210912035234,"ATCHA","N/A","2021-09-12","03:55:20",14120,677570,3281400,-91.16546501,29.64990825,-9999,-26.47,0.29,0.07,0.993
20210912035234,"ATCHA","N/A","2021-09-12","03:55:20",14120,674990,3281060,-91.19216353,29.64720911,-9999,-26.53,0.23,0.07,0.156
20210912035234,"ATCHA","N/A","2021-09-12","03:55:20",14120,677030,3281390,-91.17104319,29.64989657,-9999,-26.48,0.29,0.07,0.984
20210912035234,"ATCHA","N/A","2021-09-12","03:55:20",14120,676420,3281350,-91.17734914,29.64962153,-9999,-26.49,0.28,0.07,0.935
20210912035234,"ATCHA","ICWW","2021-09-12","03:55:20",14120,666900,3281255,-91.27567981,29.65008017,16996.17,-26.3,0.47,0.07,0.156
20210912035234,"ATCHA","ICWW","2021-09-12","03:55:20",14120,654960,3281100,-91.39901786,29.65023073,4777.77,-26.35,0.43,0.07,0.103
20210912035234,"ATCHA","N/A","2021-09-12","03:55:20",14120,676100,3280850,-91.1807349,29.64515786,-9999,-26.5,0.25,0.07,0.738
20210912035234,"ATCHA","N/A","2021-09-12","03:55:20",14120,676680,3280910,-91.17473575,29.64561825,-9999,-26.5,0.26,0.07,0.91
20210912035234,"ATCHA","N/A","2021-09-12","03:55:20",14120,678160,3280930,-91.15944927,29.64558784,-9999,-26.48,0.27,0.07,0.667
20210912035234,"ATCHA","N/A","2021-09-12","03:55:20",14120,677180,3280890,-91.16957575,29.64536615,-9999,-26.49,0.26,0.07,0.903
20210912035234,"ATCHA","N/A","2021-09-12","03:55:20",14120,677670,3280880,-91.16451741,29.64520744,-9999,-26.49,0.27,0.07,0.816
20210912035234,"ATCHA","N/A","2021-09-12","03:55:20",14120,674450,3280360,-91.19785263,29.64097025,-9999,-26.56,0.19,0.07,0.259
20210912035234,"ATCHA","N/A","2021-09-12","03:55:20",14120,676550,3280410,-91.17615952,29.64112426,-9999,-26.51,0.24,0.07,0.4
20210912035234,"ATCHA","N/A","2021-09-12","03:55:20",14120,677100,3280380,-91.1704852,29.64077636,-9999,-26.5,0.24,0.07,0.37
20210912035234,"ATCHA","N/A","2021-09-12","03:55:20",14120,678130,3280370,-91.15985108,29.640537,-9999,-26.49,0.25,0.07,0.212
20210912035234,"ATCHA","N/A","2021-09-12","03:55:20",14120,675960,3280280,-91.182273,29.64003715,-9999,-26.51,0.23,0.07,0.372
20210912035234,"ATCHA","N/A","2021-09-12","03:55:20",14120,677630,3280380,-91.16501242,29.64070072,-9999,-26.5,0.25,0.07,0.33
